{
   "inputs": {
      "Inlet_Flowrate": {
         "pyomo_path": "fs.pc.control_volume.properties_in[0].flow_mol", 
         "lower": 1, 
         "upper": 1000000.0, 
         "mean": 5000.0, 
         "std": 5000.0
      }, 
      "Inlet_Pressure": {
         "pyomo_path": "fs.pc.control_volume.properties_in[0].pressure", 
         "lower": 100000.0, 
         "upper": 10000000.0, 
         "mean": 1000000.0, 
         "std": 3000000.0
      }
   }, 
   "n_points": 10, 
   "seed": 42, 
   "samples": {
      "Sample-1": {
         "Inlet_Flowrate": 7483.5707650561635, 
         "Inlet_Pressure": 585207.096486446
      }, 
      "Sample-2": {
         "Inlet_Flowrate": 8238.442690503463, 
         "Inlet_Pressure": 5569089.569224076
      }, 
      "Sample-3": {
         "Inlet_Flowrate": 3829.2331263833203, 
         "Inlet_Pressure": 297589.1291524584
      }, 
      "Sample-4": {
         "Inlet_Flowrate": 12896.064077536957, 
         "Inlet_Pressure": 3302304.187458726
      }, 
      "Sample-5": {
         "Inlet_Flowrate": 2652.6280703252396, 
         "Inlet_Pressure": 2627680.130757894
      }, 
      "Sample-6": {
         "Inlet_Flowrate": 2682.9115359376888, 
         "Inlet_Pressure": 100000.0
      }, 
      "Sample-7": {
         "Inlet_Flowrate": 6209.811357830171, 
         "Inlet_Pressure": 100000.0
      }, 
      "Sample-8": {
         "Inlet_Flowrate": 1, 
         "Inlet_Pressure": 100000.0
      }, 
      "Sample-9": {
         "Inlet_Flowrate": 1, 
         "Inlet_Pressure": 1942741.9977858216
      }, 
      "Sample-10": {
         "Inlet_Flowrate": 459.8796223939453, 
         "Inlet_Pressure": 100000.0
      }
   }, 
   "convergence_evaluation_class_str": "idaes.unit_models.convergence.pressure_changer.pressure_changer_conv_eval.PressureChangerConvergenceEvaluation"
}