{
    "comp": "1-butene",
    "basic": {
        "R": 0.1481913623991023,
        "MW": 56.10631999999999,
        "T_star": 419.29,
        "rho_star": 237.89079679999995,
        "Tc": 419.29,
        "rhoc": 237.89079679999995,
        "Pc": 4005.1,
        "Tt": 87.80000000000001,
        "Pt": 7.563664543837497e-10,
        "rhot_l": 818.1343905522435,
        "rhot_v": 4.5693700198265735e-11,
        "P_min": 1e-05,
        "P_max": 50000.0,
        "rho_max": 1022.6679881903044,
        "T_min": 87.80000000000001,
        "T_max": 525
    },
    "eos": {
        "reference": [
            "Lemmon-FPE-2005"
        ],
        "ideal_terms": [
            {
                "ideal_type": 1,
                "a": [
                    -0.00101126,
                    2.3869174
                ]
            },
            {
                "ideal_type": 2,
                "a": 2.9197
            },
            {
                "ideal_type": 3,
                "n": [
                    2.9406,
                    6.5395,
                    14.535,
                    5.8971
                ],
                "t": [
                    0.6534856543203987,
                    2.268119917002552,
                    5.072861265472584,
                    13.71842877244866
                ]
            }
        ],
        "residual_terms": [
            {
                "residual_type": 1,
                "n": [
                    0.78084,
                    -2.8258,
                    0.99403,
                    0.017951,
                    0.088889,
                    0.00024673
                ],
                "d": [
                    1,
                    1,
                    1,
                    2,
                    3,
                    7
                ],
                "t": [
                    0.12,
                    1.3,
                    1.74,
                    2.1,
                    0.28,
                    0.69
                ]
            },
            {
                "residual_type": 7,
                "n": [
                    0.22846,
                    -0.074009,
                    -0.22913,
                    -0.062334,
                    -0.025385,
                    0.01104
                ],
                "d": [
                    2,
                    5,
                    1,
                    4,
                    3,
                    4
                ],
                "t": [
                    0.75,
                    2,
                    4.4,
                    4.7,
                    15,
                    14
                ],
                "l": [
                    1,
                    1,
                    2,
                    2,
                    3,
                    3
                ],
                "g": [
                    1.0,
                    1.0,
                    1.0,
                    1.0,
                    1.0,
                    1.0
                ]
            }
        ]
    },
    "aux": {
        "delta_l_sat_approx": {
            "type": 1,
            "n": {
                "1": -1.1329161154078617,
                "2": 4.576996342937427,
                "3": -2.35398267961107,
                "4": 1.6095202242190951,
                "5": 1.9936948858619448,
                "6": -8.666711070126212
            },
            "t": {
                "1": 0.226,
                "2": 0.326,
                "3": 0.495,
                "4": 0.869,
                "5": 11.457,
                "6": 19.823
            }
        },
        "delta_v_sat_approx": {
            "type": 3,
            "n": {
                "1": -3.302882573914376,
                "2": -1.9359137327823328,
                "3": -4.362721415165588,
                "4": 24.301821574494937,
                "5": -191.8377573940649,
                "6": 174.69349121901325
            },
            "t": {
                "1": 0.429,
                "2": 1.081,
                "3": 4.121,
                "4": 15.125,
                "5": 18.011,
                "6": 18.807
            }
        }
    }
}
