{
    "nl_file": "1-butene_expressions_eos.nl",
    "expr_map": [
        0,
        1,
        2,
        3,
        4,
        13,
        5,
        6,
        7,
        8,
        9,
        10,
        12,
        11
    ],
    "var_map": [
        0,
        1,
        1000,
        1000
    ],
    "param": {
        "R": 0.1481913623991023,
        "MW": 56.10631999999999,
        "T_star": 419.29,
        "rho_star": 237.89079679999995,
        "Tc": 419.29,
        "rhoc": 237.89079679999995,
        "Pc": 4005.711577023507,
        "Tt": 87.80000000000001,
        "Pt": 7.563664543837497e-10,
        "rhot_l": 818.1343905522435,
        "rhot_v": 4.5693700198265735e-11,
        "P_min": 1e-05,
        "P_max": 50000.0,
        "rho_max": 237.89079679999995,
        "T_min": 87.80000000000001,
        "T_max": 525,
        "reference_state_offset": [
            0.0,
            0.0
        ]
    },
    "have_tcx": false,
    "have_st": false,
    "have_visc": false
}