{
    "nl_file": "acetone_expressions_eos.nl",
    "expr_map": [
        0,
        1,
        2,
        3,
        4,
        13,
        5,
        6,
        7,
        8,
        9,
        10,
        12,
        11
    ],
    "var_map": [
        0,
        1,
        1000,
        1000
    ],
    "param": {
        "R": 0.14315762940015986,
        "MW": 58.07914,
        "T_star": 508.1,
        "rho_star": 272.971958,
        "Tc": 508.1,
        "rhoc": 272.971958,
        "Pc": 4692.415878133766,
        "Tt": 178.5,
        "Pt": 0.0023264868864003732,
        "rhot_l": 913.1760731282187,
        "rhot_v": 9.104778618480111e-05,
        "P_min": 1e-05,
        "P_max": 700000.0,
        "rho_max": 275.15484983162116,
        "T_min": 178.5,
        "T_max": 550,
        "reference_state_offset": [
            0.0,
            0.0
        ]
    },
    "have_tcx": false,
    "have_st": false,
    "have_visc": false
}