{
    "comp": "ammonia",
    "basic": {
        "R": 0.48820939114014134,
        "MW": 17.03052,
        "T_star": 405.56,
        "rho_star": 233.25000192000002,
        "Tc": 405.56,
        "rhoc": 233.25000192000002,
        "Pc": 11363.391162815327,
        "Tt": 195.495,
        "Pt": 6.05581357453296,
        "rhot_l": 733.8486628816917,
        "rhot_v": 0.06373157000034524,
        "P_min": 1e-05,
        "P_max": 1000000.0,
        "rho_max": 917.3108286021146,
        "T_min": 195.495,
        "T_max": 725
    },
    "eos": {
        "reference": [
            "Gao-JPCRD-2020"
        ],
        "ideal_terms": [
            {
                "ideal_type": 1,
                "a": [
                    -6.59406093943886,
                    5.60101151987913
                ]
            },
            {
                "ideal_type": 2,
                "a": 3
            },
            {
                "ideal_type": 5,
                "n": [
                    2.224,
                    3.148,
                    0.9579
                ],
                "t": [
                    4.0585856593352405,
                    9.776605187888352,
                    17.829667620080876
                ]
            }
        ],
        "residual_terms": [
            {
                "residual_type": 1,
                "n": [
                    0.006132232,
                    1.7395866,
                    -2.2261792,
                    -0.30127553,
                    0.08967023
                ],
                "d": [
                    4,
                    1,
                    1,
                    2,
                    3
                ],
                "t": [
                    1.0,
                    0.382,
                    1.0,
                    1.0,
                    0.677
                ]
            },
            {
                "residual_type": 7,
                "n": [
                    -0.076387037,
                    -0.84063963,
                    -0.27026327
                ],
                "d": [
                    3,
                    2,
                    3
                ],
                "t": [
                    2.915,
                    3.51,
                    1.063
                ],
                "l": [
                    2,
                    2,
                    1
                ],
                "g": [
                    1.0,
                    1.0,
                    1.0
                ]
            },
            {
                "residual_type": 2,
                "n": [
                    6.212578,
                    -5.7844357,
                    2.4817542,
                    -2.3739168,
                    0.01493697,
                    -3.7749264,
                    0.0006254348,
                    -1.7359e-05,
                    -0.13462033,
                    0.07749072839
                ],
                "d": [
                    1,
                    1,
                    1,
                    2,
                    2,
                    1,
                    3,
                    3,
                    1,
                    1
                ],
                "t": [
                    0.655,
                    1.3,
                    3.1,
                    1.4395,
                    1.623,
                    0.643,
                    1.13,
                    4.5,
                    1.0,
                    4.0
                ],
                "a": [
                    0.42776,
                    0.6424,
                    0.8175,
                    0.7995,
                    0.91,
                    0.3574,
                    1.21,
                    4.14,
                    22.56,
                    22.68
                ],
                "b": [
                    1.708,
                    1.4865,
                    2.0915,
                    2.43,
                    0.488,
                    1.1,
                    0.85,
                    1.14,
                    945.64,
                    993.85
                ],
                "e": [
                    -0.0726,
                    -0.1274,
                    0.7527,
                    0.57,
                    2.2,
                    -0.243,
                    2.96,
                    3.02,
                    0.9574,
                    0.9576
                ],
                "g": [
                    1.036,
                    1.2777,
                    1.083,
                    1.2906,
                    0.928,
                    0.934,
                    0.919,
                    1.852,
                    1.05897,
                    1.05277
                ]
            },
            {
                "residual_type": 4,
                "n": [
                    -1.6909858,
                    0.93739074
                ],
                "d": [
                    1,
                    1
                ],
                "t": [
                    4.3315,
                    4.015
                ],
                "a": [
                    2.8452,
                    2.8342
                ],
                "b": [
                    0.3696,
                    0.2962
                ],
                "bi": [
                    1.244,
                    0.6826
                ],
                "e": [
                    0.4478,
                    0.44689
                ],
                "g": [
                    1.108,
                    1.313
                ]
            }
        ]
    },
    "aux": {
        "delta_l_sat_approx": {
            "type": 1,
            "n": {
                "1": 2.447,
                "2": 5.8341,
                "3": -25.944,
                "4": 53.383,
                "5": -54.411,
                "6": 22.771
            },
            "t": {
                "1": 0.384,
                "2": 1.65,
                "3": 2.2,
                "4": 2.75,
                "5": 3.35,
                "6": 4.0
            }
        },
        "delta_v_sat_approx": {
            "type": 2,
            "n": {
                "1": -0.053296,
                "2": -3.4589,
                "3": -6.7572,
                "4": -17.26,
                "5": -43.12,
                "6": -115.18
            },
            "t": {
                "1": 0.14,
                "2": 0.44,
                "3": 1.314,
                "4": 3.225,
                "5": 6.4,
                "6": 14.0
            }
        }
    }
}
