{
    "nl_file": "ammonia_expressions_eos.nl",
    "expr_map": [
        0,
        1,
        2,
        3,
        4,
        13,
        5,
        6,
        7,
        8,
        9,
        10,
        12,
        11
    ],
    "var_map": [
        0,
        1,
        1000,
        1000
    ],
    "param": {
        "R": 0.48820939114014134,
        "MW": 17.03052,
        "T_star": 405.56,
        "rho_star": 233.25000192000002,
        "Tc": 405.56,
        "rhoc": 233.25000192000002,
        "Pc": 11363.391049181386,
        "Tt": 195.495,
        "Pt": 6.05581357453296,
        "rhot_l": 733.8486628816917,
        "rhot_v": 0.06373157000034524,
        "P_min": 1e-05,
        "P_max": 1000000.0,
        "rho_max": 233.25000192000002,
        "T_min": 195.495,
        "T_max": 725,
        "reference_state_offset": [
            0.0,
            0.0
        ]
    },
    "have_tcx": false,
    "have_st": false,
    "have_visc": false
}