{
    "comp": "argon",
    "basic": {
        "R": 0.20813332332031645,
        "MW": 39.948,
        "T_star": 150.687,
        "rho_star": 535.5999999999999,
        "Tc": 150.687,
        "rhoc": 535.5999999999999,
        "Pc": 4863.0,
        "Tt": 83.806,
        "Pt": 68.89247707976709,
        "rhot_l": 1416.7655606131154,
        "rhot_v": 4.05468015302931,
        "P_min": 1e-05,
        "P_max": 1000000.0,
        "rho_max": 1770.9569507663944,
        "T_min": 83.806,
        "T_max": 2000
    },
    "eos": {
        "reference": [
            "Tegeler-JPCRD-1999"
        ],
        "ideal_terms": [
            {
                "ideal_type": 1,
                "a": [
                    8.31666243,
                    -4.94651164
                ]
            },
            {
                "ideal_type": 2,
                "a": 1.5
            },
            {
                "ideal_type": 8,
                "a": [
                    -18.6104772308484,
                    4.94617011642842
                ]
            }
        ],
        "residual_terms": [
            {
                "residual_type": 1,
                "n": [
                    0.088722304990011,
                    0.70514805167298,
                    -1.682011565409,
                    -0.14909014431486,
                    -0.1202480460094,
                    -0.12164978798599,
                    0.40035933626752,
                    -0.27136062699129,
                    0.24211924579645,
                    0.005788958318557,
                    -0.041097335615341,
                    0.024710761541614
                ],
                "d": [
                    1,
                    1,
                    1,
                    1,
                    1,
                    2,
                    2,
                    2,
                    2,
                    3,
                    3,
                    4
                ],
                "t": [
                    0,
                    0.25,
                    1,
                    2.75,
                    4,
                    0,
                    0.25,
                    0.75,
                    2.75,
                    0,
                    2,
                    0.75
                ]
            },
            {
                "residual_type": 7,
                "n": [
                    -0.32181391750702,
                    0.33230017695794,
                    0.031019986287345,
                    -0.030777086002437,
                    0.093891137419581,
                    -0.090643210682031,
                    -0.00045778349276654,
                    -8.2659729025197e-05,
                    0.00013013415603147,
                    -0.011397840001996,
                    -0.024455169960535,
                    -0.064324067175955,
                    0.058889471093674,
                    -0.00064933552112965,
                    -0.013889862158435,
                    0.4048983929691,
                    -0.38612519594749,
                    -0.18817142332233,
                    0.15977647596482,
                    0.053985518513856,
                    -0.028953417958014,
                    -0.013025413381384,
                    0.0028948696775778,
                    -0.0022647134304796,
                    0.0017616456196368
                ],
                "d": [
                    1,
                    1,
                    3,
                    4,
                    4,
                    5,
                    7,
                    10,
                    10,
                    2,
                    2,
                    4,
                    4,
                    8,
                    3,
                    5,
                    5,
                    6,
                    6,
                    7,
                    7,
                    8,
                    9,
                    5,
                    6
                ],
                "t": [
                    3,
                    3.5,
                    1,
                    2,
                    4,
                    3,
                    0,
                    0.5,
                    1,
                    1,
                    7,
                    5,
                    6,
                    6,
                    10,
                    13,
                    14,
                    11,
                    14,
                    8,
                    14,
                    6,
                    7,
                    24,
                    22
                ],
                "l": [
                    1,
                    1,
                    1,
                    1,
                    1,
                    1,
                    1,
                    1,
                    1,
                    2,
                    2,
                    2,
                    2,
                    2,
                    3,
                    3,
                    3,
                    3,
                    3,
                    3,
                    3,
                    3,
                    3,
                    4,
                    4
                ],
                "g": [
                    1.0,
                    1.0,
                    1.0,
                    1.0,
                    1.0,
                    1.0,
                    1.0,
                    1.0,
                    1.0,
                    1.0,
                    1.0,
                    1.0,
                    1.0,
                    1.0,
                    1.0,
                    1.0,
                    1.0,
                    1.0,
                    1.0,
                    1.0,
                    1.0,
                    1.0,
                    1.0,
                    1.0,
                    1.0
                ]
            },
            {
                "residual_type": 2,
                "n": [
                    0.0058552454482774,
                    -0.69251908270028,
                    1.5315490030516,
                    -0.0027380447449783
                ],
                "d": [
                    2,
                    1,
                    2,
                    3
                ],
                "t": [
                    3,
                    1,
                    0,
                    0
                ],
                "a": [
                    20,
                    20,
                    20,
                    20
                ],
                "b": [
                    250,
                    375,
                    300,
                    225
                ],
                "e": [
                    1,
                    1,
                    1,
                    1
                ],
                "g": [
                    1.11,
                    1.14,
                    1.17,
                    1.11
                ]
            }
        ]
    },
    "aux": {
        "delta_l_sat_approx": {
            "type": 1,
            "n": {
                "1": 0.35549443267848707,
                "2": 1.7740534055789645,
                "3": 1.6692402958603285,
                "4": -1326.972748274678,
                "5": 3248.4827767066654,
                "6": -4246.807908907579
            },
            "t": {
                "1": 0.272,
                "2": 0.417,
                "3": 2.551,
                "4": 7.589,
                "5": 8.392,
                "6": 10.436
            }
        },
        "delta_v_sat_approx": {
            "type": 3,
            "n": {
                "1": 1.1883246645329462,
                "2": -3.0995804610072724,
                "3": -2.5097036910932267,
                "4": 0.6796303921537137,
                "5": -21.203752823276112,
                "6": 418.9717120034111
            },
            "t": {
                "1": 0.29,