{
    "nl_file": "argon_expressions_eos.nl",
    "expr_map": [
        0,
        1,
        2,
        3,
        4,
        13,
        5,
        6,
        7,
        8,
        9,
        10,
        12,
        11
    ],
    "var_map": [
        0,
        1,
        1000,
        1000
    ],
    "param": {
        "R": 0.20813332332031645,
        "MW": 39.948,
        "T_star": 150.687,
        "rho_star": 535.5999999999999,
        "Tc": 150.687,
        "rhoc": 535.5999999999999,
        "Pc": 4863.000496244647,
        "Tt": 83.806,
        "Pt": 68.89247707976709,
        "rhot_l": 1416.7655606131154,
        "rhot_v": 4.05468015302931,
        "P_min": 1e-05,
        "P_max": 1000000.0,
        "rho_max": 536.9274921346074,
        "T_min": 83.806,
        "T_max": 2000,
        "reference_state_offset": [
            0.0,
            0.0
        ]
    },
    "have_tcx": false,
    "have_st": false,
    "have_visc": false
}