{
    "nl_file": "benzene_expressions_eos.nl",
    "expr_map": [
        0,
        1,
        2,
        3,
        4,
        13,
        5,
        6,
        7,
        8,
        9,
        10,
        12,
        11
    ],
    "var_map": [
        0,
        1,
        1000,
        1000
    ],
    "param": {
        "R": 0.10644322624750677,
        "MW": 78.1118,
        "T_star": 562.02,
        "rho_star": 304.79224360000006,
        "Tc": 562.02,
        "rhoc": 304.79224360000006,
        "Pc": 4906.307816639366,
        "Tt": 278.674,
        "Pt": 4.7837725786985414,
        "rhot_l": 894.1040310229617,
        "rhot_v": 0.16181981843655968,
        "P_min": 1e-05,
        "P_max": 500000.0,
        "rho_max": 310.2993399717765,
        "T_min": 278.674,
        "T_max": 725,
        "reference_state_offset": [
            0.0,
            0.0
        ]
    },
    "have_tcx": false,
    "have_st": false,
    "have_visc": false
}