{
    "comp": "butane",
    "basic": {
        "R": 0.14305157,
        "MW": 58.12220,
        "T_star": 425.125,
        "rho_star": 227.8,
        "Tc": 425.125,
        "rhoc": 228.0,
        "Pc": 3796.0,
        "Tt": 134.895,
        "Pt": 0.000653,
        "rhot_l": 734.96,
        "rhot_v": 0.0000345,
        "P_min": 0.000653,
        "P_max": 69e6,
        "rho_max": 750,
        "T_min": 134.895,
        "T_max": 575
    },
    "eos": {
        "reference": [
            "Reference Equations of State for the Thermodynamic",
            "Properties of Fluid Phase -Butane and Isobutane",
            "D. Bücker; W. Wagner"
        ],
        "c": {
            "8": 1,
            "9": 1,
            "10": 1,
            "11": 1,
            "12": 1,
            "13": 1,
            "14": 2,
            "15": 2,
            "16": 2,
            "17": 2,
            "18": 2,
            "19": 2,
            "20": 2,
            "21": 2,
            "22": 3,
            "23": 3
        },
        "d": {
            "1": 1,
            "2": 1,
            "3": 1,
            "4": 2,
            "5": 3,
            "6": 4,
            "7": 4,
            "8": 1,
            "9": 1,
            "10": 2,
            "11": 7,
            "12": 8,
            "13": 8,
            "14": 1,
            "15": 2,
            "16": 3,
            "17": 3,
            "18": 4,
            "19": 5,
            "20": 5,
            "21": 10,
            "22": 2,
            "23": 6,
            "24": 1,
            "25": 2
        },
        "t": {
            "1": 0.5,
            "2": 1,
            "3": 1.5,
            "4": 0,
            "5": 0.5,
            "6": 0.5,
            "7": 0.75,
            "8": 2,
            "9": 2.5,
            "10": 2.5,
            "11": 1.5,
            "12": 1,
            "13": 1.5,
            "14": 4,
            "15": 7,
            "16": 3,
            "17": 7,
            "18": 3,
            "19": 1,
            "20": 6,
            "21": 0,
            "22": 6,
            "23": 13,
            "24": 2,
            "25": 0
        },
        "n": {
            "1": 0.25536998241635e1,
            "2": -0.44585951806696e1,
            "3": 0.82425886369063,
            "4": 0.11215007011442,
            "5": -0.35910933680333e-1,
            "6": 0.16790508518103e-1,
            "7": 0.32734072508724e-1,
            "8": 0.95571232982005,
            "9": -0.10003385753419e1,
            "10": 0.85581548803855e-1,
            "11": -0.25147918369616e-1,
            "12": -0.15202958578918e-2,
            "13": 0.47060682326420e-2,
            "14": -0.97845414174006e-1,
            "15": -0.48317904158760e-1,
            "16": 0.17841271865468,
            "17": 0.18173836739334e-1,
            "18": -0.11399068074953,
            "19": 0.19329896666669e-1,
            "20": 0.11575877401010e-2,
            "21": 0.15253808698116e-3,
            "22": -0.43688558458471e-1,
            "23": -0.82403190629989e-2,
            "24": -0.28390056949441e-1,
            "25": 0.14904666224681e-2
        },
        "a": {
            "24": 10,
            "25": 10
        },
        "b": {
            "24": 150,
            "25": 200
        },
        "g": {
            "24": 1.16,
            "25": 1.13
        },
        "e": {
            "24": 0.85,
            "25": 1
        },
        "n0": {
            "1": 12.54882924,
            "2": -5.46976878,
            "3": 3.24680487,
            "4": 5.54913289,
            "5": 11.4648996,
            "6": 7.59987584,
            "7": 9.66033239
        },
        "g0": {
            "4": 0.7748404445,
            "5": 3.3406025522,
            "6": 4.9705130961,
            "7": 9.9755537783
        },
        "last_term_ideal": 7,
        "last_term_residual": [
            7,
            23,
            25
        ],
        "phi_ideal_type": 1,
        "phi_residual_type": 2
    },
    "aux": {
        "reference": [
            "Reference Equations of State for the Thermodynamic",
            "Properties of Fluid Phase -Butane and Isobutane",
            "D. Bücker; W. Wagner"
        ],
        "delta_l_sat_approx": {
            "c": 1,
            "n": {
                "1": 1.97874515,
                "2": 0.85679951,
                "3": -0.341871887,
                "4": 0.304337558
            },
            "t": {
                "1": 0.345,
                "2": 1,
                "3": 1.5,
                "4": 3
            },
            "type": 1
        },
        "delta_v_sat_approx": {
            "c": 1,
            "n": {
                "1": -2.07770057,
                "2": -3.0836249,
                "3": -0.485645266,
                "4": -3.83167519
            },
            "t": {
                "1": 0.345,
                "2": 0.833333333,
                "3": 3.1666666666,
                "4": 4.166666666
            },
            "type": 3
        }
    },
    "transport": {
        "thermal_conductivity": {
            "reference": []
        },
        "viscosity": {
            "reference": []
        },
        "surface_tension": {
            "reference": [
                "Mulero, A., I. Cachadina, Parra, M., Recommended Correlations for the Surface ",
                "    Tension of Common Fluids, J. Phys. Chem. Ref. Data 41, 043105, (2012)."
            ],
            "Tc": 425.125,
            "s": {
                "0": 0.05138
            },
            "n": {
                "0": 1.209
            },
            "type": 1
        }
    }
}