{
    "comp": "carbonylsulfide",
    "basic": {
        "R": 0.13840130103820053,
        "MW": 60.0751,
        "T_star": 378.77,
        "rho_star": 445.156491,
        "Tc": 378.77,
        "rhoc": 445.156491,
        "Pc": 6370.0,
        "Tt": 134.3,
        "Pt": 0.06443457800823277,
        "rhot_l": 1352.7662304770995,
        "rhot_v": 0.003466962368369985,
        "P_min": 1e-05,
        "P_max": 50000.0,
        "rho_max": 1690.9577880963743,
        "T_min": 134.3,
        "T_max": 650
    },
    "eos": {
        "reference": [
            "Lemmon-JCED-2006"
        ],
        "ideal_terms": [
            {
                "ideal_type": 1,
                "a": [
                    -3.6587449805,
                    3.7349245016
                ]
            },
            {
                "ideal_type": 2,
                "a": 2.5
            },
            {
                "ideal_type": 3,
                "n": [
                    2.1651,
                    0.93456,
                    1.0623,
                    0.34269
                ],
                "t": [
                    2.027615703461204,
                    3.59848984872086,
                    8.382395649074637,
                    33.87015867148929
                ]
            }
        ],
        "residual_terms": [
            {
                "residual_type": 1,
                "n": [
                    0.94374,
                    -2.5348,
                    0.59058,
                    -0.021488,
                    0.082083,
                    0.00024689
                ],
                "d": [
                    1,
                    1,
                    1,
                    2,
                    3,
                    7
                ],
                "t": [
                    0.25,
                    1.125,
                    1.5,
                    1.375,
                    0.25,
                    0.875
                ]
            },
            {
                "residual_type": 7,
                "n": [
                    0.21226,
                    -0.041251,
                    -0.22333,
                    -0.050828,
                    -0.028333,
                    0.016983
                ],
                "d": [
                    2,
                    5,
                    1,
                    4,
                    3,
                    4
                ],
                "t": [
                    0.625,
                    1.75,
                    3.625,
                    3.625,
                    14.5,
                    12
                ],
                "l": [
                    1,
                    1,
                    2,
                    2,
                    3,
                    3
                ],
                "g": [
                    1.0,
                    1.0,
                    1.0,
                    1.0,
                    1.0,
                    1.0
                ]
            }
        ]
    },
    "aux": {
        "delta_l_sat_approx": {
            "type": 1,
            "n": {
                "1": -0.006565517887508687,
                "2": 9.861398057771247,
                "3": -49.28678353119856,
                "4": 50.765489904412995,
                "5": -18.836456981431365,
                "6": 10.180262280869785
            },
            "t": {
                "1": 0.187,
                "2": 0.539,
                "3": 0.811,
                "4": 0.921,
                "5": 1.495,
                "6": 1.774
            }
        },
        "delta_v_sat_approx": {
            "type": 3,
            "n": {
                "1": 1.776086114558269,
                "2": -28.20299757513764,
                "3": 43.7268964289033,
                "4": -22.918757269308017,
                "5": 2.3656558943753296,
                "6": -4.806350485891986
            },
            "t": {
                "1": 0.376,
                "2": 0.531,
                "3": 0.641,
                "4": 0.783,
                "5": 2.208,
                "6": 3.625
            }
        }
    }
}
