{
    "nl_file": "carbonmonoxide_expressions_eos.nl",
    "expr_map": [
        0,
        1,
        2,
        3,
        4,
        13,
        5,
        6,
        7,
        8,
        9,
        10,
        12,
        11
    ],
    "var_map": [
        0,
        1,
        1000,
        1000
    ],
    "param": {
        "R": 0.2968383547363273,
        "MW": 28.0101,
        "T_star": 132.86,
        "rho_star": 303.909585,
        "Tc": 132.86,
        "rhoc": 303.909585,
        "Pc": 3498.211770775967,
        "Tt": 68.16,
        "Pt": 15.536876656446813,
        "rhot_l": 849.5380970423809,
        "rhot_v": 0.776089478669031,
        "P_min": 1e-05,
        "P_max": 100000.0,
        "rho_max": 309.19907022264954,
        "T_min": 68.16,
        "T_max": 500,
        "reference_state_offset": [
            0.0,
            0.0
        ]
    },
    "have_tcx": false,
    "have_st": false,
    "have_visc": false
}