{
    "nl_file": "carbonylsulfide_expressions_eos.nl",
    "expr_map": [
        0,
        1,
        2,
        3,
        4,
        13,
        5,
        6,
        7,
        8,
        9,
        10,
        12,
        11
    ],
    "var_map": [
        0,
        1,
        1000,
        1000
    ],
    "param": {
        "R": 0.13840130103820053,
        "MW": 60.0751,
        "T_star": 378.77,
        "rho_star": 445.156491,
        "Tc": 378.77,
        "rhoc": 445.156491,
        "Pc": 6368.769651189772,
        "Tt": 134.3,
        "Pt": 0.06443457800823277,
        "rhot_l": 1352.7662304770995,
        "rhot_v": 0.003466962368369985,
        "P_min": 1e-05,
        "P_max": 50000.0,
        "rho_max": 445.156491,
        "T_min": 134.3,
        "T_max": 650,
        "reference_state_offset": [
            0.0,
            0.0
        ]
    },
    "have_tcx": false,
    "have_st": false,
    "have_visc": false
}