{
    "comp": "cis-2-butene",
    "basic": {
        "R": 0.1481913623991023,
        "MW": 56.10631999999999,
        "T_star": 435.75,
        "rho_star": 238.11522207999994,
        "Tc": 435.75,
        "rhoc": 238.11522207999994,
        "Pc": 4225.5,
        "Tt": 134.3,
        "Pt": 0.0002636497215092638,
        "rhot_l": 790.2020489705575,
        "rhot_v": 1.324736313345229e-05,
        "P_min": 1e-05,
        "P_max": 50000.0,
        "rho_max": 987.7525612131968,
        "T_min": 134.3,
        "T_max": 525
    },
    "eos": {
        "reference": [
            "Lemmon-FPE-2005"
        ],
        "ideal_terms": [
            {
                "ideal_type": 1,
                "a": [
                    0.2591542,
                    2.4189888
                ]
            },
            {
                "ideal_type": 2,
                "a": 2.9687
            },
            {
                "ideal_type": 3,
                "n": [
                    3.2375,
                    7.0437,
                    11.414,
                    7.3722
                ],
                "t": [
                    0.5691336775674125,
                    2.714859437751004,
                    4.800917957544463,
                    10.09064830751578
                ]
            }
        ],
        "residual_terms": [
            {
                "residual_type": 1,
                "n": [
                    0.77827,
                    -2.8064,
                    1.003,
                    0.013762,
                    0.085514,
                    0.00021268
                ],
                "d": [
                    1,
                    1,
                    1,
                    2,
                    3,
                    7
                ],
                "t": [
                    0.12,
                    1.3,
                    1.74,
                    2.1,
                    0.28,
                    0.69
                ]
            },
            {
                "residual_type": 7,
                "n": [
                    0.22962,
                    -0.072442,
                    -0.23722,
                    -0.074071,
                    -0.026547,
                    0.012032
                ],
                "d": [
                    2,
                    5,
                    1,
                    4,
                    3,
                    4
                ],
                "t": [
                    0.75,
                    2,
                    4.4,
                    4.7,
                    15,
                    14
                ],
                "l": [
                    1,
                    1,
                    2,
                    2,
                    3,
                    3
                ],
                "g": [
                    1.0,
                    1.0,
                    1.0,
                    1.0,
                    1.0,
                    1.0
                ]
            }
        ]
    },
    "aux": {
        "delta_l_sat_approx": {
            "type": 1,
            "n": {
                "1": -2.0818345732351684,
                "2": 6.807747893614343,
                "3": -111.04784929056088,
                "4": 120.09826778110036,
                "5": -12.601532453548211,
                "6": 1.7960675631510878
            },
            "t": {
                "1": 0.26,
                "2": 0.351,
                "3": 0.795,
                "4": 0.831,
                "5": 1.18,
                "6": 2.144
            }
        },
        "delta_v_sat_approx": {
            "type": 3,
            "n": {
                "1": -84.9269743250438,
                "2": 89.02084598490362,
                "3": -9.271866684444854,
                "4": -4.116354594069339,
                "5": -1.1445772731784132,
                "6": 16.852533778316815
            },
            "t": {
                "1": 0.539,
                "2": 0.554,
                "3": 0.74,
                "4": 3.876,
                "5": 7.701,
                "6": 19.761
            }
        }
    }
}
