{
    "nl_file": "cis-2-butene_expressions_eos.nl",
    "expr_map": [
        0,
        1,
        2,
        3,
        4,
        13,
        5,
        6,
        7,
        8,
        9,
        10,
        12,
        11
    ],
    "var_map": [
        0,
        1,
        1000,
        1000
    ],
    "param": {
        "R": 0.1481913623991023,
        "MW": 56.10631999999999,
        "T_star": 435.75,
        "rho_star": 238.11522207999994,
        "Tc": 435.75,
        "rhoc": 238.11522207999994,
        "Pc": 4236.032960079618,
        "Tt": 134.3,
        "Pt": 0.0002636497215092638,
        "rhot_l": 790.2020489705575,
        "rhot_v": 1.324736313345229e-05,
        "P_min": 1e-05,
        "P_max": 50000.0,
        "rho_max": 238.11522207999994,
        "T_min": 134.3,
        "T_max": 525,
        "reference_state_offset": [
            0.0,
            0.0
        ]
    },
    "have_tcx": false,
    "have_st": false,
    "have_visc": false
}