{
    "comp": "co2",
    "basic": {
        "R": 0.1889241,
        "MW": 44.0098,
        "T_star": 304.1282,
        "rho_star": 467.6,
        "Tc": 304.1282,
        "rhoc": 467.6,
        "Pc": 7377.3,
        "Tt": 216.592,
        "Pt": 517.95,
        "rhot_l": 1178.46,
        "rhot_v": 13.761,
        "P_min": 1e-9,
        "P_max": 5e5,
        "rho_max": 1600.0,
        "T_min": 216,
        "T_max": 1400
    },
    "eos": {
        "reference": [
            "Span, R., and W. Wagner (1996). A New Equation of State for Carbon Dioxide",
            "    Covering the Fluid Region from the Triple-Point Temperature to 1100 K as",
            "    Pressures up to 800 MPa. Journal of Physical and Chemical Reference Data,",
            "    25, 1509."
        ],
        "ideal_terms": [
            {
                "ideal_type": 1,
                "a": [
                    8.37304456,
                    -3.70454304
                ]
            },
            {
                "ideal_type": 2,
                "a": 2.5
            },
            {
                "ideal_type": 3,
                "n": [
                    1.99427042,
                    0.62105248,
                    0.41195293,
                    1.04028922,
                    0.08327678
                ],
                "t": [
                    3.15163,
                    6.11190,
                    6.77708,
                    11.32384,
                    27.08792
                ]
            }
        ],
        "residual_terms":[
            {
                "residual_type": 1,
                "n": [
                    3.88568232031610e-01,
                    2.93854759427400e00,
                    -5.58671885349340e00,
                    -7.67531995924770e-01,
                    3.17290055804160e-01,
                    5.48033158977670e-01,
                    1.22794112203350e-01
                ],
                "d": [
                    1,
                    1,
                    1,
                    1,
                    2,
                    2,
                    3
                ],
                "t": [
                    0.00,
                    0.75,
                    1.00,
                    2.00,
                    0.75,
                    2.00,
                    0.75
                ]
            },
            {
                "residual_type": 7,
                "n": [
                    2.16589615432200e00,
                    1.58417351097240e00,
                    -2.31327054055030e-01,
                    5.81169164314360e-02,
                    -5.53691372053820e-01,
                    4.89466159094220e-01,
                    -2.42757398435010e-02,
                    6.24947905016780e-02,
                    -1.21758602252460e-01,
                    -3.70556852700860e-01,
                    -1.67758797004260e-02,
                    -1.19607366379870e-01,
                    -4.56193625087780e-02,
                    3.56127892703460e-02,
                    -7.44277271320520e-03,
                    -1.73957049024320e-03,
                    -2.18101212895270e-02,
                    2.43321665592360e-02,
                    -3.74401334234630e-02,
                    1.43387157568780e-01,
                    -1.34919690832860e-01,
                    -2.31512250534800e-02,
                    1.23631254929010e-02,
                    2.10583219729400e-03,
                    -3.39585190263680e-04,
                    5.59936517715920e-03,
                    -3.03351180556460e-04
                ],
                "d": [
                    1,
                    2,
                    4,
                    5,
                    5,
                    5,
                    6,
                    6,
                    6,
                    1,
                    1,
                    4,
                    4,
                    4,
                    7,
                    8,
                    2,
                    3,
                    3,
                    5,
                    5,
                    6,
                    7,
                    8,
                    10,
                    4,
                    8
                ],
                "t": [
                    1.50,
                    1.50,
                    2.50,
                    0.00,
                    1.50,
                    2.00,
                    0.00,
                    1.00,
                    2.00,
                    3.00,
                    6.00,
                    3.00,
                    6.00,
                    8.00,
                    6.00,
                    0.00,
                    7.00,
                    12.00,
                    16.00,
                    22.00,
                    24.00,
                    16.00,
                    24.00,
                    8.00,
                    2.00,
                    28.00,
                    14.00
                ],
                "l": [
                    1,
                    1,
                    1,
                    1,
                    1,
                    1,
                    1,
                    1,
                    1,
                    2,
                    2,
                    2,
                    2,
                    2,
                    2,
                    2,
                    3,
                    3,
                    3,
                    4,
                    4,
                    4,
                    4,
                    4,
                    4,
                    5,
                    6
                ],
                "g": [
                    1,
                    1,
                    1,
                    1,
                    1,
                    1,
                    1,
                    1,
                    1,
                    1,
                    1,
                    1,
                    1,
                    1,
                    1,
                    1,
                    1,
                    1,
                    1,
                    1,
                    1,
                    1,
                    1,
                    1,
                    1,
                    1,
                    1
                ]
            },
            {
                "residual_type": 2,
                "n": [
                    -2.13654886883200e02,
                    2.66415691492720e04,
                    -2.40272122045570e04,
                    -2.83416034239990e02,
                    2.12472844001790e02
                ],
                "d": [
                    2,
                    2,
                    2,
                    3,
                    3
                ],
                "t": [
                    1.00,
                    0.00,
                    1.00,
                    3.00,
                    3.00
                ],
                "a": [
                    25,
                    25,
                    25,
                    15,
                    20
                ],
                "b": [
                    325,
                    300,
                    300,
                    275,
                    275
                ],
                "g": [
                    1.16,
                    1.19,
                    1.19,
                    1.25,
                    1.22
                ],
                "e": [
                    1,
                    1,
                    1,
                    1,
                    1
                ]
            },
            {
                "residual_type": 8,
                "n":[
                    -0.66642276540751,
                    0.72608632349897,
                    0.55068668612842e-01
                ],
                "a":[
                    3.5,
                    3.5,
                    3.0
                ],