{
    "comp": "cyclohexane",
    "basic": {
        "R": 0.09879412396559484,
        "MW": 84.15948,
        "T_star": 553.6,
        "rho_star": 271.33016352000004,
        "Tc": 553.6,
        "rhoc": 271.33016352000004,
        "Pc": 4082.4,
        "Tt": 279.47,
        "Pt": 5.2402043769323114,
        "rhot_l": 791.3845923318377,
        "rhot_v": 0.19058096238239114,
        "P_min": 1e-05,
        "P_max": 250000.0,
        "rho_max": 989.2307404147971,
        "T_min": 279.47,
        "T_max": 700
    },
    "eos": {
        "reference": [
            "Zhou-JPCRD-2014"
        ],
        "ideal_terms": [
            {
                "ideal_type": 1,
                "a": [
                    0.9891140602,
                    1.6359660572
                ]
            },
            {
                "ideal_type": 2,
                "a": 3
            },
            {
                "ideal_type": 3,
                "n": [
                    0.83775,
                    16.036,
                    24.636,
                    7.1715
                ],
                "t": [
                    1.396315028901734,
                    1.69978323699422,
                    3.946893063583815,
                    8.11958092485549
                ]
            }
        ],
        "residual_terms": [
            {
                "residual_type": 1,
                "n": [
                    0.05483581,
                    1.607734,
                    -2.375928,
                    -0.5137709,
                    0.1858417
                ],
                "d": [
                    4,
                    1,
                    1,
                    2,
                    3
                ],
                "t": [
                    1,
                    0.37,
                    0.79,
                    1.075,
                    0.37
                ]
            },
            {
                "residual_type": 7,
                "n": [
                    -0.9007515,
                    -0.5628776,
                    0.2903717,
                    -0.3279141,
                    -0.03177644
                ],
                "d": [
                    1,
                    3,
                    2,
                    2,
                    7
                ],
                "t": [
                    2.4,
                    2.5,
                    0.5,
                    3,
                    1.06
                ],
                "l": [
                    2,
                    2,
                    1,
                    2,
                    1
                ],
                "g": [
                    1.0,
                    1.0,
                    1.0,
                    1.0,
                    1.0
                ]
            },
            {
                "residual_type": 2,
                "n": [
                    0.8668676,
                    -0.1962725,
                    -0.1425992,
                    0.004197016,
                    0.1776584,
                    -0.04433903,
                    -0.03861246,
                    0.07399692,
                    0.02036006,
                    0.00272825
                ],
                "d": [
                    1,
                    1,
                    3,
                    3,
                    2,
                    2,
                    3,
                    2,
                    3,
                    2
                ],
                "t": [
                    1.6,
                    0.37,
                    1.33,
                    2.5,
                    0.9,
                    0.5,
                    0.73,
                    0.2,
                    1.5,
                    1.5
                ],
                "a": [
                    0.99,
                    1.43,
                    0.97,
                    1.93,
                    0.92,
                    1.27,
                    0.87,
                    0.82,
                    1.4,
                    3
                ],
                "b": [
                    0.38,
                    4.2,
                    1.2,
                    0.9,
                    1.2,
                    2.6,
                    5.3,
                    4.4,
                    4.2,
                    25
                ],
                "e": [
                    0.73,
                    0.75,
                    0.48,
                    2.32,
                    0.2,
                    1.33,
                    0.68,
                    1.11,
                    1.47,
                    0.99
                ],
                "g": [
                    0.65,
                    0.63,
                    1.14,
                    0.09,
                    0.56,
                    0.4,
                    1.01,
                    0.45,
                    0.85,
                    0.86
                ]
            }
        ]
    },
    "aux": {
        "delta_l_sat_approx": {
            "type": 1,
            "n": {
                "1": 0.2729676351917065,
                "2": -1.106482113619369,
                "3": 27.748806842659924,
                "4": -34.01756141062687,
                "5": 9.815362300266182,
                "6": 65.7039717441813
            },
            "t": {
                "1": 0.165,
                "2": 0.243,
                "3": 0.498,
                "4": 0.564,
                "5": 0.717,
                "6": 12.621
            }
        },
        "delta_v_sat_approx": {
            "type": 3,
            "n": {
                "1": 7.91278554789447,
                "2": -14.912016731516744,
                "3": 5.351652597227101,
                "4": -3.875832207589477,
                "5": -6.953692859831638,
                "6": 3685.8600260352014
            },
            "t": {
                "1": 0.395,
                "2": 0.432,
                "3": 0.604,
                "4": 0.994,
                "5": 4.823,
                "6": 18.36
            }
        }
    }
}
