{
    "comp": "cyclopentane",
    "basic": {
        "R": 0.1185530899192818,
        "MW": 70.1329,
        "T_star": 511.72,
        "rho_star": 274.92096800000013,
        "Tc": 511.72,
        "rhoc": 274.92096800000013,
        "Pc": 4582.761185846129,
        "Tt": 179.70000000000002,
        "Pt": 0.008916391715668319,
        "rhot_l": 849.3071933444269,
        "rhot_v": 0.0004185395168200852,
        "P_min": 1e-05,
        "P_max": 250000.0,
        "rho_max": 1061.6339916805337,
        "T_min": 179.70000000000002,
        "T_max": 550
    },
    "eos": {
        "reference": [
            "Gedanitz-JCED-2015"
        ],
        "ideal_terms": [
            {
                "ideal_type": 1,
                "a": [
                    -0.3946233253,
                    2.4918910143
                ]
            },
            {
                "ideal_type": 2,
                "a": 3.0
            },
            {
                "ideal_type": 3,
                "n": [
                    1.34,
                    13.4,
                    17.4,
                    6.65
                ],
                "t": [
                    0.4494645509262878,
                    2.3059485656218244,
                    4.299226139294927,
                    10.161807238333463
                ]
            }
        ],
        "residual_terms": [
            {
                "residual_type": 1,
                "n": [
                    0.0630928,
                    1.50365,
                    -2.37099,
                    -0.484886,
                    0.191843
                ],
                "d": [
                    4,
                    1,
                    1,
                    2,
                    3
                ],
                "t": [
                    1.0,
                    0.29,
                    0.85,
                    1.185,
                    0.45
                ]
            },
            {
                "residual_type": 7,
                "n": [
                    -0.835582,
                    -0.435929,
                    0.545607,
                    -0.209741,
                    -0.0387635
                ],
                "d": [
                    1,
                    3,
                    2,
                    2,
                    7
                ],
                "t": [
                    2.28,
                    1.8,
                    1.5,
                    2.9,
                    0.93
                ],
                "l": [
                    2,
                    2,
                    1,
                    2,
                    1
                ],
                "g": [
                    1.0,
                    1.0,
                    1.0,
                    1.0,
                    1.0
                ]
            },
            {
                "residual_type": 2,
                "n": [
                    0.677674,
                    -0.137043,
                    -0.0852862,
                    -0.128085,
                    -0.00389381
                ],
                "d": [
                    1,
                    1,
                    3,
                    3,
                    2
                ],
                "t": [
                    1.05,
                    4.0,
                    2.33,
                    1.5,
                    1.0
                ],
                "a": [
                    0.86,
                    0.85,
                    0.86,
                    1.53,
                    5.13
                ],
                "b": [
                    0.63,
                    2.8,
                    0.5,
                    0.95,
                    0.23
                ],
                "e": [
                    0.684,
                    0.7,
                    0.77,
                    0.625,
                    0.42
                ],
                "g": [
                    1.22,
                    0.32,
                    0.22,
                    1.94,
                    1.21
                ]
            }
        ]
    },
    "aux": {
        "delta_l_sat_approx": {
            "type": 1,
            "n": {
                "1": 4.175321169438228,
                "2": -3.3972763608243954,
                "3": 3.265444750596592,
                "4": -14.140653461920774,
                "5": 419.1357335784064,
                "6": -484.6437448434436
            },
            "t": {
                "1": 0.545,
                "2": 1.142,
                "3": 2.232,
                "4": 6.456,
                "5": 11.186,
                "6": 11.952
            }
        },
        "delta_v_sat_approx": {
            "type": 3,
            "n": {
                "1": -5.935725453092267,
                "2": 1.591120947182766,
                "3": -8.958815994240467,
                "4": 198.61227335356796,
                "5": -245.69777423593865,
                "6": 469.5550522878147
            },
            "t": {
                "1": 0.602,
                "2": 1.076,
                "3": 3.895,
                "4": 8.292,
                "5": 8.939,
                "6": 18.105
            }
        }
    }
}
