{
    "nl_file": "cyclopentane_expressions_eos.nl",
    "expr_map": [
        0,
        1,
        2,
        3,
        4,
        13,
        5,
        6,
        7,
        8,
        9,
        10,
        12,
        11
    ],
    "var_map": [
        0,
        1,
        1000,
        1000
    ],
    "param": {
        "R": 0.1185530899192818,
        "MW": 70.1329,
        "T_star": 511.72,
        "rho_star": 274.92096800000013,
        "Tc": 511.72,
        "rhoc": 274.92096800000013,
        "Pc": 4582.761140018467,
        "Tt": 179.70000000000002,
        "Pt": 0.008916391715668319,
        "rhot_l": 849.3071933444269,
        "rhot_v": 0.0004185395168200852,
        "P_min": 1e-05,
        "P_max": 250000.0,
        "rho_max": 271.6450907850898,
        "T_min": 179.70000000000002,
        "T_max": 550,
        "reference_state_offset": [
            0.0,
            0.0
        ]
    },
    "have_tcx": false,
    "have_st": false,
    "have_visc": false
}