{
    "nl_file": "cyclohexane_expressions_eos.nl",
    "expr_map": [
        0,
        1,
        2,
        3,
        4,
        13,
        5,
        6,
        7,
        8,
        9,
        10,
        12,
        11
    ],
    "var_map": [
        0,
        1,
        1000,
        1000
    ],
    "param": {
        "R": 0.09879412396559484,
        "MW": 84.15948,
        "T_star": 553.6,
        "rho_star": 271.33016352000004,
        "Tc": 553.6,
        "rhoc": 271.33016352000004,
        "Pc": 4080.524856203896,
        "Tt": 279.47,
        "Pt": 5.2402043769323114,
        "rhot_l": 791.3845923318377,
        "rhot_v": 0.19058096238239114,
        "P_min": 1e-05,
        "P_max": 250000.0,
        "rho_max": 273.75172682552164,
        "T_min": 279.47,
        "T_max": 700,
        "reference_state_offset": [
            0.0,
            0.0
        ]
    },
    "have_tcx": false,
    "have_st": false,
    "have_visc": false
}