{
    "comp": "d4",
    "basic": {
        "R": 0.028031086750076935,
        "MW": 296.61576,
        "T_star": 586.5,
        "rho_star": 309.37023768,
        "Tc": 586.5,
        "rhoc": 309.37023768,
        "Pc": 1347.2153560904592,
        "Tt": 290.25,
        "Pt": 0.07306609963813099,
        "rhot_l": 959.7237779095469,
        "rhot_v": 0.008982783714450064,
        "P_min": 1e-05,
        "P_max": 180000.0,
        "rho_max": 1199.6547223869336,
        "T_min": 290.25,
        "T_max": 1200
    },
    "eos": {
        "reference": [
            "Thol-THESIS-2015"
        ],
        "ideal_terms": [
            {
                "ideal_type": 1,
                "a": [
                    71.1636049792958,
                    -21.6743650975623
                ]
            },
            {
                "ideal_type": 2,
                "a": 3
            },
            {
                "ideal_type": 3,
                "n": [
                    0.292757,
                    38.2456,
                    58.975
                ],
                "t": [
                    0.06820119352088662,
                    0.3410059676044331,
                    3.0690537084398977
                ]
            }
        ],
        "residual_terms": [
            {
                "residual_type": 1,
                "n": [
                    0.05273743,
                    4.176401,
                    -4.73707,
                    -1.289588,
                    0.5272749
                ],
                "d": [
                    4,
                    1,
                    1,
                    2,
                    3
                ],
                "t": [
                    1.0,
                    0.27,
                    0.51,
                    0.998,
                    0.56
                ]
            },
            {
                "residual_type": 7,
                "n": [
                    -2.558391,
                    -0.9726737,
                    0.7208209,
                    -0.4789456,
                    -0.05563239
                ],
                "d": [
                    1,
                    3,
                    2,
                    2,
                    7
                ],
                "t": [
                    1.75,
                    3.09,
                    0.79,
                    2.71,
                    0.998
                ],
                "l": [
                    2,
                    2,
                    1,
                    2,
                    1
                ],
                "g": [
                    1.0,
                    1.0,
                    1.0,
                    1.0,
                    1.0
                ]
            },
            {
                "residual_type": 2,
                "n": [
                    3.766589,
                    0.08786997,
                    -0.1267646,
                    -1.004246,
                    -1.641887
                ],
                "d": [
                    1,
                    1,
                    3,
                    2,
                    2
                ],
                "t": [
                    0.93,
                    3.17,
                    1.08,
                    1.41,
                    0.89
                ],
                "a": [
                    0.861,
                    1.114,
                    1.01,
                    1.11,
                    1.032
                ],
                "b": [
                    0.75,
                    0.55,
                    1,
                    0.47,
                    1.36
                ],
                "e": [
                    0.926,
                    1.3,
                    1.114,
                    0.996,
                    0.483
                ],
                "g": [
                    1.124,
                    1.388,
                    1.148,
                    1.197,
                    0.817
                ]
            }
        ]
    },
    "aux": {
        "delta_l_sat_approx": {
            "type": 1,
            "n": {
                "1": 1699.0113849179957,
                "2": -5407.311884597516,
                "3": 3713.384933876656,
                "4": -140.88050502633448,
                "5": 138.43012562471498,
                "6": 0.5512142245482865
            },
            "t": {
                "1": 0.089,
                "2": 0.093,
                "3": 0.095,
                "4": 0.3575,
                "5": 0.364,
                "6": 2.1666666666666665
            }
        },
        "delta_v_sat_approx": {
            "type": 3,
            "n": {
                "1": 0.24842573546167623,
                "2": -0.29764756387215136,
                "3": -3.1891436123359056,
                "4": -3.7005796634658807,
                "5": 0.3110259942331251,
                "6": -10.126305860017903
            },
            "t": {
                "1": 0.060000000000000005,
                "2": 0.079,
                "3": 0.39849999999999997,
                "4": 1.0,
                "5": 1.6666666666666667,
                "6": 3.5
            }
        }
    }
}
