{
    "nl_file": "d4_expressions_eos.nl",
    "expr_map": [
        0,
        1,
        2,
        3,
        4,
        13,
        5,
        6,
        7,
        8,
        9,
        10,
        12,
        11
    ],
    "var_map": [
        0,
        1,
        1000,
        1000
    ],
    "param": {
        "R": 0.028031086750076935,
        "MW": 296.61576,
        "T_star": 586.5,
        "rho_star": 309.37023768,
        "Tc": 586.5,
        "rhoc": 309.37023768,
        "Pc": 1347.215342618309,
        "Tt": 290.25,
        "Pt": 0.07306609963813099,
        "rhot_l": 959.7237779095469,
        "rhot_v": 0.008982783714450064,
        "P_min": 1e-05,
        "P_max": 180000.0,
        "rho_max": 309.37023768,
        "T_min": 290.25,
        "T_max": 1200,
        "reference_state_offset": [
            0.0,
            0.0
        ]
    },
    "have_tcx": false,
    "have_st": false,
    "have_visc": false
}