{
    "comp": "d5",
    "basic": {
        "R": 0.022424863196749897,
        "MW": 370.7697,
        "T_star": 618.3,
        "rho_star": 300.32345699999996,
        "Tc": 618.3,
        "rhoc": 300.32345699999996,
        "Pc": 1077.6877802565898,
        "Tt": 226.0,
        "Pt": 2.0593212230361496e-06,
        "rhot_l": 1032.921272798425,
        "rhot_v": 4.061950079956137e-07,
        "P_min": 1e-05,
        "P_max": 120000.0,
        "rho_max": 1291.1515909980312,
        "T_min": 226.0,
        "T_max": 630
    },
    "eos": {
        "reference": [
            "Thol-FPE-2019-siloxanes"
        ],
        "ideal_terms": [
            {
                "ideal_type": 1,
                "a": [
                    94.38924286309562,
                    -31.110222240232282
                ]
            },
            {
                "ideal_type": 2,
                "a": 3
            },
            {
                "ideal_type": 3,
                "n": [
                    51.0,
                    57.9,
                    35.0
                ],
                "t": [
                    0.3574316674753356,
                    2.802846514636908,
                    7.349183244379751
                ]
            }
        ],
        "residual_terms": [
            {
                "residual_type": 1,
                "n": [
                    0.0177345,
                    4.3133088,
                    -6.1586863,
                    -1.4503945,
                    0.9519342
                ],
                "d": [
                    4,
                    1,
                    1,
                    2,
                    3
                ],
                "t": [
                    1.0,
                    0.43,
                    0.754,
                    0.84,
                    0.72
                ]
            },
            {
                "residual_type": 7,
                "n": [
                    -2.3848036,
                    -1.4114529,
                    0.7255071,
                    -2.9966803,
                    -0.0902228
                ],
                "d": [
                    1,
                    3,
                    2,
                    2,
                    7
                ],
                "t": [
                    2.35,
                    2.58,
                    0.66,
                    1.71,
                    1.0163
                ],
                "l": [
                    2,
                    2,
                    1,
                    2,
                    1
                ],
                "g": [
                    1.0,
                    1.0,
                    1.0,
                    1.0,
                    1.0
                ]
            },
            {
                "residual_type": 2,
                "n": [
                    6.3033323,
                    -1.0592923,
                    0.79365281,
                    -1.8982515,
                    -0.01351964
                ],
                "d": [
                    1,
                    3,
                    2,
                    2,
                    1
                ],
                "t": [
                    1.114,
                    1.85,
                    0.9,
                    1.05,
                    1.09
                ],
                "a": [
                    1.046,
                    0.993,
                    0.545,
                    1.128,
                    13.9
                ],
                "b": [
                    0.37,
                    0.11,
                    0.1,
                    0.37,
                    519.0
                ],
                "e": [
                    0.787,
                    0.567,
                    0.685,
                    0.577,
                    0.936
                ],
                "g": [
                    1.626,
                    1.05,
                    1.11,
                    1.22,
                    1.083
                ]
            }
        ]
    },
    "aux": {
        "delta_l_sat_approx": {
            "type": 1,
            "n": {
                "1": 1.0938,
                "2": 5.254,
                "3": -12.31,
                "4": 19.364,
                "5": -15.81,
                "6": 5.983
            },
            "t": {
                "1": 0.25,
                "2": 0.79,
                "3": 1.33,
                "4": 1.9,
                "5": 2.52,
                "6": 3.22
            }
        },
        "delta_v_sat_approx": {
            "type": 3,
            "n": {
                "1": -0.916,
                "2": -5.911,
                "3": -18.617,
                "4": -74.29,
                "5": -154.4,
                "6": -284.1
            },
            "t": {
                "1": 0.23,
                "2": 0.68,
                "3": 2.24,
                "4": 5.1,
                "5": 10.7,
                "6": 18.9
            }
        }
    }
}
