{
    "nl_file": "d5_expressions_eos.nl",
    "expr_map": [
        0,
        1,
        2,
        3,
        4,
        13,
        5,
        6,
        7,
        8,
        9,
        10,
        12,
        11
    ],
    "var_map": [
        0,
        1,
        1000,
        1000
    ],
    "param": {
        "R": 0.022424863196749897,
        "MW": 370.7697,
        "T_star": 618.3,
        "rho_star": 300.32345699999996,
        "Tc": 618.3,
        "rhoc": 300.32345699999996,
        "Pc": 1077.687769479709,
        "Tt": 226.0,
        "Pt": 2.0593212230361496e-06,
        "rhot_l": 1032.921272798425,
        "rhot_v": 4.061950079956137e-07,
        "P_min": 1e-05,
        "P_max": 120000.0,
        "rho_max": 300.32345699999996,
        "T_min": 226.0,
        "T_max": 630,
        "reference_state_offset": [
            0.0,
            0.0
        ]
    },
    "have_tcx": false,
    "have_st": false,
    "have_visc": false
}