{
    "comp": "deuterium",
    "basic": {
        "R": 2.0640638746834816,
        "MW": 4.0282,
        "T_star": 38.34,
        "rho_star": 69.405886,
        "Tc": 38.34,
        "rhoc": 69.405886,
        "Pc": 1679.6,
        "Tt": 18.724,
        "Pt": 17.189101973451077,
        "rhot_l": 174.62617953053393,
        "rhot_v": 0.45501098968379367,
        "P_min": 1e-05,
        "P_max": 2000000.0,
        "rho_max": 218.28272441316741,
        "T_min": 18.724,
        "T_max": 600
    },
    "eos": {
        "reference": [
            "Richardson-JPCRD-2013"
        ],
        "ideal_terms": [
            {
                "ideal_type": 1,
                "a": [
                    -2.0677351753,
                    2.4237151502
                ]
            },
            {
                "ideal_type": 2,
                "a": 1.5
            },
            {
                "ideal_type": 3,
                "n": [
                    -3.54145,
                    3.0326,
                    -3.52422,
                    -1.73421,
                    -3.57135,
                    2.14858,
                    6.23107,
                    -3.30425,
                    6.23098,
                    -3.57137,
                    3.32901,
                    0.97782
                ],
                "t": [
                    187.1178925404277,
                    225.2217005738132,
                    23.54460093896714,
                    4.723526343244653,
                    11.43714136671883,
                    131.3041210224309,
                    7.039645279081897,
                    5.996348461137194,
                    17.38132498695879,
                    11.81011997913406,
                    5.007824726134585,
                    30.97548252477829
                ]
            }
        ],
        "residual_terms": [
            {
                "residual_type": 1,
                "n": [
                    0.006267958,
                    10.53609,
                    -10.14149,
                    0.356061,
                    0.1824472,
                    -1.129638,
                    -0.0549812,
                    -0.6791329
                ],
                "d": [
                    4,
                    1,
                    1,
                    2,
                    3,
                    1,
                    3,
                    2
                ],
                "t": [
                    1,
                    0.462,
                    0.5584,
                    0.627,
                    1.201,
                    0.309,
                    1.314,
                    1.1166
                ]
            },
            {
                "residual_type": 7,
                "n": [
                    1.347918,
                    -0.8657582,
                    1.719146,
                    -1.917977,
                    0.1233365,
                    -0.07936891
                ],
                "d": [
                    2,
                    2,
                    1,
                    1,
                    3,
                    2
                ],
                "t": [
                    1.25,
                    1.25,
                    1.395,
                    1.627,
                    1,
                    2.5
                ],
                "l": [
                    1,
                    1,
                    2,
                    2,
                    2,
                    2
                ],
                "g": [
                    1.0,
                    1.0,
                    1.0,
                    1.0,
                    1.0,
                    1.0
                ]
            },
            {
                "residual_type": 2,
                "n": [
                    1.686617,
                    -4.240326,
                    1.857114,
                    -0.5903705,
                    1.520171,
                    2.361373,
                    -2.297315
                ],
                "d": [
                    1,
                    1,
                    2,
                    3,
                    3,
                    1,
                    3
                ],
                "t": [
                    0.635,
                    0.664,
                    0.7082,
                    2.25,
                    1.524,
                    0.67,
                    0.709
                ],
                "a": [
                    0.868,
                    0.636,
                    0.668,
                    0.65,
                    0.745,
                    0.782,
                    0.693
                ],
                "b": [
                    0.613,
                    0.584,
                    0.57,
                    1.056,
                    1.01,
                    1.025,
                    1.029
                ],
                "e": [
                    1.46,
                    1.7864,
                    1.647,
                    0.541,
                    0.969,
                    1.892,
                    1.076
                ],
                "g": [
                    0.6306,
                    0.711,
                    0.6446,
                    0.8226,
                    0.992,
                    1.2184,
                    1.203
                ]
            }
        ]
    },
    "aux": {
        "delta_l_sat_approx": {
            "type": 1,
            "n": {
                "1": -3.7327374059367657,
                "2": 5.717877520193506,
                "3": -7.7160148356330875,
                "4": 8.271326329456837,
                "5": -3.540310397292104,
                "6": 6126.25395082707
            },
            "t": {
                "1": 0.281,
                "2": 0.319,
                "3": 1.913,
                "4": 1.992,
                "5": 6.17,
                "6": 19.493
            }
        },
        "delta_v_sat_approx": {
            "type": 3,
            "n": {
                "1": -0.10109803867705139,
                "2": -4.563691481638655,
                "3": 3.3301365272696226,
                "4": -4.503537024711251,
                "5": 3.823445254078357,
                "6": -2.0240887330256525
            },
            "t": {
                "1": 0.266,
                "2": 0.576,
                "3": 1.105,
                "4": 1.725,
                "5": 2.526,
                "6": 3.959
            }
        }
    }
}
