{
    "nl_file": "deuterium_expressions_eos.nl",
    "expr_map": [
        0,
        1,
        2,
        3,
        4,
        13,
        5,
        6,
        7,
        8,
        9,
        10,
        12,
        11
    ],
    "var_map": [
        0,
        1,
        1000,
        1000
    ],
    "param": {
        "R": 2.0640638746834816,
        "MW": 4.0282,
        "T_star": 38.34,
        "rho_star": 69.405886,
        "Tc": 38.34,
        "rhoc": 69.405886,
        "Pc": 1679.5504711208162,
        "Tt": 18.724,
        "Pt": 17.189101973451077,
        "rhot_l": 174.62617953053393,
        "rhot_v": 0.45501098968379367,
        "P_min": 1e-05,
        "P_max": 2000000.0,
        "rho_max": 70.28065154022158,
        "T_min": 18.724,
        "T_max": 600,
        "reference_state_offset": [
            0.0,
            0.0
        ]
    },
    "have_tcx": false,
    "have_st": false,
    "have_visc": false
}