{
    "comp": "dichloroethane",
    "basic": {
        "R": 0.08401926151234348,
        "MW": 98.959,
        "T_star": 561.6,
        "rho_star": 428.49247,
        "Tc": 561.6,
        "rhoc": 428.49247,
        "Pc": 5227.585103082351,
        "Tt": 237.52,
        "Pt": 0.2398683102971174,
        "rhot_l": 1330.1305452038937,
        "rhot_v": 0.012022620259861887,
        "P_min": 1e-05,
        "P_max": 1000000.0,
        "rho_max": 1662.6631815048672,
        "T_min": 237.52,
        "T_max": 1000
    },
    "eos": {
        "reference": [
            "Thol-THESIS-2015"
        ],
        "ideal_terms": [
            {
                "ideal_type": 1,
                "a": [
                    25.029988,
                    -4.8999527
                ]
            },
            {
                "ideal_type": 2,
                "a": 3.0
            },
            {
                "ideal_type": 3,
                "n": [
                    5.35,
                    10.05
                ],
                "t": [
                    0.04006410256410256,
                    3.587962962962963
                ]
            }
        ],
        "residual_terms": [
            {
                "residual_type": 1,
                "n": [
                    0.051,
                    1.99,
                    -2.595,
                    -0.6653,
                    0.23595
                ],
                "d": [
                    4,
                    1,
                    1,
                    2,
                    3
                ],
                "t": [
                    1.0,
                    0.352,
                    0.89,
                    0.824,
                    0.498
                ]
            },
            {
                "residual_type": 7,
                "n": [
                    -1.7,
                    -0.4453,
                    0.672474,
                    -0.21918,
                    -0.03554
                ],
                "d": [
                    1,
                    3,
                    2,
                    2,
                    7
                ],
                "t": [
                    1.63,
                    4.07,
                    0.679,
                    2.85,
                    1.07
                ],
                "l": [
                    2,
                    2,
                    1,
                    2,
                    1
                ],
                "g": [
                    1.0,
                    1.0,
                    1.0,
                    1.0,
                    1.0
                ]
            },
            {
                "residual_type": 2,
                "n": [
                    0.9765,
                    -0.495179,
                    -0.23291174,
                    -0.01090245,
                    0.39209
                ],
                "d": [
                    1,
                    1,
                    3,
                    3,
                    1
                ],
                "t": [
                    1.7,
                    2.09,
                    1.93,
                    3.72,
                    1.58
                ],
                "a": [
                    0.66,
                    1.36,
                    0.711,
                    1.7,
                    1.11
                ],
                "b": [
                    0.574,
                    1.8,
                    0.462,
                    3.22,
                    2.22
                ],
                "e": [
                    0.571,
                    0.862,
                    0.597,
                    1.16,
                    0.208
                ],
                "g": [
                    0.995,
                    0.329,
                    0.525,
                    0.85,
                    0.585
                ]
            }
        ]
    },
    "aux": {
        "delta_l_sat_approx": {
            "type": 1,
            "n": {
                "1": -3486.7010459117164,
                "2": 7662.134765207801,
                "3": -20066.396425294417,
                "4": 15893.782467519954,
                "5": -0.1522403185655092,
                "6": 7.705626172172473
            },
            "t": {
                "1": 0.362,
                "2": 0.3725,
                "3": 0.39449999999999996,
                "4": 0.39799999999999996,
                "5": 2.8333333333333335,
                "6": 12.333333333333334
            }
        },
        "delta_v_sat_approx": {
            "type": 3,
            "n": {
                "1": 7.077091293578975,
                "2": -11.678392041088753,
                "3": 216.4369746131653,
                "4": -216.32772112714244,
                "5": -1.1167782517350253,
                "6": -4.408739606531312
            },
            "t": {
                "1": 0.131,
                "2": 0.16666666666666666,
                "3": 0.39049999999999996,
                "4": 0.39649999999999996,
                "5": 1.5,
                "6": 3.8333333333333335
            }
        }
    }
}
