{
    "nl_file": "dichloroethane_expressions_eos.nl",
    "expr_map": [
        0,
        1,
        2,
        3,
        4,
        13,
        5,
        6,
        7,
        8,
        9,
        10,
        12,
        11
    ],
    "var_map": [
        0,
        1,
        1000,
        1000
    ],
    "param": {
        "R": 0.08401926151234348,
        "MW": 98.959,
        "T_star": 561.6,
        "rho_star": 428.49247,
        "Tc": 561.6,
        "rhoc": 428.49247,
        "Pc": 5227.585050821751,
        "Tt": 237.52,
        "Pt": 0.2398683102971174,
        "rhot_l": 1330.1305452038937,
        "rhot_v": 0.012022620259861887,
        "P_min": 1e-05,
        "P_max": 1000000.0,
        "rho_max": 428.49247,
        "T_min": 237.52,
        "T_max": 1000,
        "reference_state_offset": [
            0.0,
            0.0
        ]
    },
    "have_tcx": false,
    "have_st": false,
    "have_visc": false
}