{
    "nl_file": "diethylether_expressions_eos.nl",
    "expr_map": [
        0,
        1,
        2,
        3,
        4,
        13,
        5,
        6,
        7,
        8,
        9,
        10,
        12,
        11
    ],
    "var_map": [
        0,
        1,
        1000,
        1000
    ],
    "param": {
        "R": 0.11217340154556837,
        "MW": 74.1216,
        "T_star": 466.7,
        "rho_star": 263.99999971968,
        "Tc": 466.7,
        "rhoc": 263.99999971968,
        "Pc": 3646.6187150834066,
        "Tt": 270,
        "Pt": 21.28381102980325,
        "rhot_l": 739.1702453787896,
        "rhot_v": 0.7142373997792235,
        "P_min": 1e-05,
        "P_max": 100000.0,
        "rho_max": 263.99999971968,
        "T_min": 270,
        "T_max": 548,
        "reference_state_offset": [
            0.0,
            0.0
        ]
    },
    "have_tcx": false,
    "have_st": false,
    "have_visc": false
}