{
    "comp": "dimethylether",
    "basic": {
        "R": 0.18048086716198766,
        "MW": 46.06844,
        "T_star": 400.378,
        "rho_star": 273.64653360000005,
        "Tc": 400.378,
        "rhoc": 273.64653360000005,
        "Pc": 5336.8,
        "Tt": 131.66,
        "Pt": 0.002210728491107207,
        "rhot_l": 882.1886729453246,
        "rhot_v": 9.30374614742315e-05,
        "P_min": 1e-05,
        "P_max": 50000.0,
        "rho_max": 1102.7358411816558,
        "T_min": 131.66,
        "T_max": 525
    },
    "eos": {
        "reference": [
            "Wu-JPCRD-2011"
        ],
        "ideal_terms": [
            {
                "ideal_type": 1,
                "a": [
                    -1.980976,
                    3.171218
                ]
            },
            {
                "ideal_type": 2,
                "a": 3.039
            },
            {
                "ideal_type": 3,
                "n": [
                    2.641,
                    2.123,
                    8.992,
                    6.191
                ],
                "t": [
                    0.901647942694154,
                    2.432701097462898,
                    4.785477723551244,
                    10.36520488138709
                ]
            }
        ],
        "residual_terms": [
            {
                "residual_type": 1,
                "n": [
                    0.029814139,
                    1.43517,
                    -2.64964,
                    -0.29515532,
                    0.17035607
                ],
                "d": [
                    4,
                    1,
                    1,
                    2,
                    3
                ],
                "t": [
                    1,
                    0.4366,
                    1.011,
                    1.137,
                    0.45
                ]
            },
            {
                "residual_type": 7,
                "n": [
                    -0.94642918,
                    -0.099250514,
                    1.1264071,
                    -0.76936548,
                    -0.020717696,
                    0.24527037
                ],
                "d": [
                    1,
                    3,
                    2,
                    2,
                    7,
                    1
                ],
                "t": [
                    2.83,
                    1.5,
                    1.235,
                    2.675,
                    0.7272,
                    1.816
                ],
                "l": [
                    2,
                    2,
                    1,
                    2,
                    1,
                    1
                ],
                "g": [
                    1.0,
                    1.0,
                    1.0,
                    1.0,
                    1.0,
                    1.0
                ]
            },
            {
                "residual_type": 2,
                "n": [
                    1.1863438,
                    -0.49398368,
                    -0.16388716,
                    -0.027583584
                ],
                "d": [
                    1,
                    1,
                    3,
                    3
                ],
                "t": [
                    1.783,
                    3.779,
                    3.282,
                    1.059
                ],
                "a": [
                    0.965336,
                    1.50858,
                    0.963855,
                    9.72643
                ],
                "b": [
                    1.28719,
                    0.806235,
                    0.777942,
                    197.681
                ],
                "e": [
                    0.672698,
                    0.924246,
                    0.750815,
                    0.800022
                ],
                "g": [
                    1.27772,
                    0.43075,
                    0.429607,
                    1.13849
                ]
            }
        ]
    },
    "aux": {
        "delta_l_sat_approx": {
            "type": 1,
            "n": {
                "1": 16.059795192018523,
                "2": -14.738564267851407,
                "3": -3.731150693384918,
                "4": 5.144676895857624,
                "5": 0.03490664751265221,
                "6": 8.503244669132489
            },
            "t": {
                "1": 0.572,
                "2": 0.658,
                "3": 0.713,
                "4": 0.916,
                "5": 2.977,
                "6": 19.393
            }
        },
        "delta_v_sat_approx": {
            "type": 3,
            "n": {
                "1": -4.396808750959381,
                "2": 0.11053731401780381,
                "3": -2.8034901380765476,
                "4": -577.5554786721015,
                "5": 2817.238575530162,
                "6": -2327.667386669654
            },
            "t": {
                "1": 0.499,
                "2": 0.75,
                "3": 2.338,
                "4": 11.224,
                "5": 12.48,
                "6": 12.984
            }
        }
    }
}
