{
    "comp": "dimethylcarbonate",
    "basic": {
        "R": 0.09230312873634933,
        "MW": 90.0779,
        "T_star": 557,
        "rho_star": 360.3116,
        "Tc": 557,
        "rhoc": 360.3116,
        "Pc": 4908.8,
        "Tt": 277.06,
        "Pt": 2.226523727216828,
        "rhot_l": 1090.9516121148945,
        "rhot_v": 0.0871965806125704,
        "P_min": 1e-05,
        "P_max": 60000.0,
        "rho_max": 1363.689515143618,
        "T_min": 277.06,
        "T_max": 600
    },
    "eos": {
        "reference": [
            "Zhou-JPCRD-2011"
        ],
        "ideal_terms": [
            {
                "ideal_type": 1,
                "a": [
                    4.9916462,
                    -0.1709449
                ]
            },
            {
                "ideal_type": 2,
                "a": 8.28421
            },
            {
                "ideal_type": 3,
                "n": [
                    1.48525,
                    0.822585,
                    16.2453,
                    1.15925
                ],
                "t": [
                    0.03770197486535009,
                    2.405745062836625,
                    3.001795332136445,
                    13.27648114901257
                ]
            }
        ],
        "residual_terms": [
            {
                "residual_type": 1,
                "n": [
                    0.00052683187,
                    1.353396,
                    -2.649283,
                    -0.2785412,
                    0.1742554,
                    0.031606252
                ],
                "d": [
                    5,
                    1,
                    1,
                    2,
                    3,
                    4
                ],
                "t": [
                    1,
                    0.227,
                    1.05,
                    1.06,
                    0.5,
                    0.78
                ]
            },
            {
                "residual_type": 7,
                "n": [
                    0.399866,
                    1.178144,
                    -0.0235281,
                    -1.015,
                    -0.7880436,
                    -0.12696
                ],
                "d": [
                    1,
                    2,
                    7,
                    1,
                    2,
                    3
                ],
                "t": [
                    1.3,
                    1.347,
                    0.706,
                    2,
                    2.5,
                    4.262
                ],
                "l": [
                    1,
                    1,
                    1,
                    2,
                    2,
                    2
                ],
                "g": [
                    1.0,
                    1.0,
                    1.0,
                    1.0,
                    1.0,
                    1.0
                ]
            },
            {
                "residual_type": 2,
                "n": [
                    1.2198,
                    -0.4883,
                    -0.0033293,
                    -0.0035387,
                    -0.51172,
                    -0.16882
                ],
                "d": [
                    1,
                    1,
                    2,
                    2,
                    3,
                    3
                ],
                "t": [
                    1,
                    2.124,
                    0.4,
                    3.5,
                    0.5,
                    2.7
                ],
                "a": [
                    0.9667,
                    1.5154,
                    1.0591,
                    1.6642,
                    12.4856,
                    0.9662
                ],
                "b": [
                    1.24,
                    0.821,
                    15.45,
                    2.21,
                    437,
                    0.743
                ],
                "e": [
                    0.6734,
                    0.9239,
                    0.8636,
                    1.0507,
                    0.8482,
                    0.7522
                ],
                "g": [
                    1.2827,
                    0.4317,
                    1.1217,
                    1.1871,
                    1.1243,
                    0.4203
                ]
            }
        ]
    },
    "aux": {
        "delta_l_sat_approx": {
            "type": 1,
            "n": {
                "1": 0.8639422657944309,
                "2": -1.688248771620619,
                "3": 3.3308155638028083,
                "4": 152.44139464976624,
                "5": -173.70557844277656,
                "6": 36624.29817631924
            },
            "t": {
                "1": 0.221,
                "2": 0.307,
                "3": 0.394,
                "4": 5.545,
                "5": 5.765,
                "6": 19.705
            }
        },
        "delta_v_sat_approx": {
            "type": 3,
            "n": {
                "1": -1.8639798693880143,
                "2": -12.434353793968175,
                "3": 9.656910477455611,
                "4": -8.552325635675663,
                "5": 11.090574157797857,
                "6": -495.7580019137995
            },
            "t": {
                "1": 0.318,
                "2": 0.882,
                "3": 0.995,
                "4": 3.273,
                "5": 5.755,
                "6": 13.354
            }
        }
    }
}
