{
    "nl_file": "dimethylether_expressions_eos.nl",
    "expr_map": [
        0,
        1,
        2,
        3,
        4,
        13,
        5,
        6,
        7,
        8,
        9,
        10,
        12,
        11
    ],
    "var_map": [
        0,
        1,
        1000,
        1000
    ],
    "param": {
        "R": 0.18048086716198766,
        "MW": 46.06844,
        "T_star": 400.378,
        "rho_star": 273.64653360000005,
        "Tc": 400.378,
        "rhoc": 273.64653360000005,
        "Pc": 5336.664761746218,
        "Tt": 131.66,
        "Pt": 0.002210728491107207,
        "rhot_l": 882.1886729453246,
        "rhot_v": 9.30374614742315e-05,
        "P_min": 1e-05,
        "P_max": 50000.0,
        "rho_max": 273.9275061760415,
        "T_min": 131.66,
        "T_max": 525,
        "reference_state_offset": [
            0.0,
            0.0
        ]
    },
    "have_tcx": false,
    "have_st": false,
    "have_visc": false
}