{
    "nl_file": "ethane_expressions_eos.nl",
    "expr_map": [
        0,
        1,
        2,
        3,
        4,
        13,
        5,
        6,
        7,
        8,
        9,
        10,
        12,
        11
    ],
    "var_map": [
        0,
        1,
        1000,
        1000
    ],
    "param": {
        "R": 0.2765127187299628,
        "MW": 30.069039999999998,
        "T_star": 305.322,
        "rho_star": 206.1800000067324,
        "Tc": 305.322,
        "rhoc": 206.1800000067324,
        "Pc": 4872.199929058119,
        "Tt": 90.368,
        "Pt": 0.001142107639085233,
        "rhot_l": 651.5294806277909,
        "rhot_v": 4.570672259309087e-05,
        "P_min": 1e-05,
        "P_max": 900000.0,
        "rho_max": 206.1800000067324,
        "T_min": 90.368,
        "T_max": 675,
        "reference_state_offset": [
            0.0,
            0.0
        ]
    },
    "have_tcx": false,
    "have_st": false,
    "have_visc": false
}