{
    "nl_file": "ethanol_expressions_eos.nl",
    "expr_map": [
        0,
        1,
        2,
        3,
        4,
        13,
        5,
        6,
        7,
        8,
        9,
        10,
        12,
        11
    ],
    "var_map": [
        0,
        1,
        1000,
        1000
    ],
    "param": {
        "R": 0.18048086716198766,
        "MW": 46.06844,
        "T_star": 514.71,
        "rho_star": 273.1858492,
        "Tc": 514.71,
        "rhoc": 273.1858492,
        "Pc": 6267.996486049079,
        "Tt": 159.10000000000002,
        "Pt": 7.353928225172699e-07,
        "rhot_l": 908.8894391134578,
        "rhot_v": 2.5598458402154944e-08,
        "P_min": 1e-05,
        "P_max": 280000.0,
        "rho_max": 287.1183676714886,
        "T_min": 159.10000000000002,
        "T_max": 650,
        "reference_state_offset": [
            0.0,
            0.0
        ]
    },
    "have_tcx": false,
    "have_st": false,
    "have_visc": false
}