{
    "nl_file": "ethylene_expressions_eos.nl",
    "expr_map": [
        0,
        1,
        2,
        3,
        4,
        13,
        5,
        6,
        7,
        8,
        9,
        10,
        12,
        11
    ],
    "var_map": [
        0,
        1,
        1000,
        1000
    ],
    "param": {
        "R": 0.2963777404526167,
        "MW": 28.05376,
        "T_star": 282.35,
        "rho_star": 214.24,
        "Tc": 282.35,
        "rhoc": 214.24,
        "Pc": 5041.692124330725,
        "Tt": 103.989,
        "Pt": 0.12202676384261188,
        "rhot_l": 654.6010128297395,
        "rhot_v": 0.003960142980499861,
        "P_min": 1e-05,
        "P_max": 300000.0,
        "rho_max": 216.21608209976972,
        "T_min": 103.989,
        "T_max": 450,
        "reference_state_offset": [
            0.0,
            0.0
        ]
    },
    "have_tcx": false,
    "have_st": false,
    "have_visc": false
}