{
    "nl_file": "ethyleneoxide_expressions_eos.nl",
    "expr_map": [
        0,
        1,
        2,
        3,
        4,
        13,
        5,
        6,
        7,
        8,
        9,
        10,
        12,
        11
    ],
    "var_map": [
        0,
        1,
        1000,
        1000
    ],
    "param": {
        "R": 0.1887395897082939,
        "MW": 44.05256,
        "T_star": 468.92,
        "rho_star": 315.8568552,
        "Tc": 468.92,
        "rhoc": 315.8568552,
        "Pc": 7304.686086588977,
        "Tt": 160.65,
        "Pt": 0.008251614065467787,
        "rhot_l": 1042.740730997756,
        "rhot_v": 0.00027214741760853785,
        "P_min": 1e-05,
        "P_max": 1000000.0,
        "rho_max": 315.8568552,
        "T_min": 160.65,
        "T_max": 1000,
        "reference_state_offset": [
            0.0,
            0.0
        ]
    },
    "have_tcx": false,
    "have_st": false,
    "have_visc": false
}