{
    "comp": "ethyleneoxide",
    "basic": {
        "R": 0.1887395897082939,
        "MW": 44.05256,
        "T_star": 468.92,
        "rho_star": 315.8568552,
        "Tc": 468.92,
        "rhoc": 315.8568552,
        "Pc": 7304.686159635853,
        "Tt": 160.65,
        "Pt": 0.008251614065467787,
        "rhot_l": 1042.740730997756,
        "rhot_v": 0.00027214741760853785,
        "P_min": 1e-05,
        "P_max": 1000000.0,
        "rho_max": 1303.425913747195,
        "T_min": 160.65,
        "T_max": 1000
    },
    "eos": {
        "reference": [
            "Thol-CES-2015,Thol-CES-2015-CORR,Thol-THESIS-2015"
        ],
        "ideal_terms": [
            {
                "ideal_type": 1,
                "a": [
                    -3.90644775,
                    4.0000956
                ]
            },
            {
                "ideal_type": 2,
                "a": 3.0
            },
            {
                "ideal_type": 3,
                "n": [
                    6.79,
                    4.53,
                    3.68
                ],
                "t": [
                    2.8363047001620743,
                    4.627655037106543,
                    9.532542864454491
                ]
            }
        ],
        "residual_terms": [
            {
                "residual_type": 1,
                "n": [
                    0.0300676,
                    2.1629,
                    -2.72041,
                    -0.53931,
                    0.181051
                ],
                "d": [
                    4,
                    1,
                    1,
                    2,
                    3
                ],
                "t": [
                    1.0,
                    0.41,
                    0.79,
                    1.06,
                    0.58
                ]
            },
            {
                "residual_type": 7,
                "n": [
                    -2.61292,
                    -2.08004,
                    0.3169968,
                    -1.6532,
                    -0.01981719
                ],
                "d": [
                    1,
                    3,
                    2,
                    2,
                    7
                ],
                "t": [
                    2.0,
                    2.2,
                    0.73,
                    2.4,
                    0.97
                ],
                "l": [
                    2,
                    2,
                    1,
                    2,
                    1
                ],
                "g": [
                    1.0,
                    1.0,
                    1.0,
                    1.0,
                    1.0
                ]
            },
            {
                "residual_type": 2,
                "n": [
                    3.34387,
                    -0.950671,
                    -0.445528,
                    -0.005409938,
                    -0.0638824,
                    -0.093912
                ],
                "d": [
                    1,
                    1,
                    3,
                    3,
                    2,
                    1
                ],
                "t": [
                    1.87,
                    2.08,
                    2.8,
                    0.97,
                    3.15,
                    0.7
                ],
                "a": [
                    1.02,
                    1.55,
                    1.44,
                    14,
                    1.63,
                    1.9
                ],
                "b": [
                    0.62,
                    1.11,
                    0.62,
                    368,
                    0.66,
                    1.87
                ],
                "e": [
                    0.705,
                    0.821,
                    0.791,
                    1.08,
                    1.64,
                    1.51
                ],
                "g": [
                    0.847,
                    0.34,
                    0.265,
                    1.13,
                    0.36,
                    1.05
                ]
            }
        ]
    },
    "aux": {
        "delta_l_sat_approx": {
            "type": 1,
            "n": {
                "1": 2.3014,
                "2": -0.08549,
                "3": 2.055,
                "4": -2.883,
                "5": 1.686
            },
            "t": {
                "1": 0.382,
                "2": 0.93,
                "3": 1.48,
                "4": 2.1,
                "5": 2.95
            }
        },
        "delta_v_sat_approx": {
            "type": 2,
            "n": {
                "1": -3.0498,
                "2": -7.1199,
                "3": -23.067,
                "4": -56.11,
                "5": -127.8
            },
            "t": {
                "1": 0.414,
                "2": 1.276,
                "3": 3.63,
                "4": 7.84,
                "5": 16.9
            }
        }
    }
}
