{
    "nl_file": "ethylbenzene_expressions_eos.nl",
    "expr_map": [
        0,
        1,
        2,
        3,
        4,
        13,
        5,
        6,
        7,
        8,
        9,
        10,
        12,
        11
    ],
    "var_map": [
        0,
        1,
        1000,
        1000
    ],
    "param": {
        "R": 0.07831650732350587,
        "MW": 106.16499999999999,
        "T_star": 617.12,
        "rho_star": 290.99996364,
        "Tc": 617.12,
        "rhoc": 290.99996364,
        "Pc": 3622.442101226403,
        "Tt": 178.20000000000002,
        "Pt": 4.00362117221462e-06,
        "rhot_l": 968.5694073961708,
        "rhot_v": 2.868272449058443e-07,
        "P_min": 1e-05,
        "P_max": 60000.0,
        "rho_max": 292.16935521746336,
        "T_min": 178.20000000000002,
        "T_max": 700,
        "reference_state_offset": [
            0.0,
            0.0
        ]
    },
    "have_tcx": false,
    "have_st": false,
    "have_visc": false
}