{
    "comp": "ethylbenzene",
    "basic": {
        "R": 0.07831650732350587,
        "MW": 106.16499999999999,
        "T_star": 617.12,
        "rho_star": 290.99996364,
        "Tc": 617.12,
        "rhoc": 290.99996364,
        "Pc": 3622.4,
        "Tt": 178.20000000000002,
        "Pt": 4.00362117221462e-06,
        "rhot_l": 968.5694073961708,
        "rhot_v": 2.868272449058443e-07,
        "P_min": 1e-05,
        "P_max": 60000.0,
        "rho_max": 1210.7117592452137,
        "T_min": 178.20000000000002,
        "T_max": 700
    },
    "eos": {
        "reference": [
            "Zhou-JPCRD-2012"
        ],
        "ideal_terms": [
            {
                "ideal_type": 1,
                "a": [
                    5.70409,
                    -0.52414353
                ]
            },
            {
                "ideal_type": 2,
                "a": 4.2557889
            },
            {
                "ideal_type": 3,
                "n": [
                    9.7329909,
                    11.201832,
                    25.440749
                ],
                "t": [
                    0.9479517759917034,
                    7.16230230749287,
                    2.710980036297641
                ]
            }
        ],
        "residual_terms": [
            {
                "residual_type": 1,
                "n": [
                    0.0018109418,
                    -0.076824284,
                    0.041823789,
                    1.5059649,
                    -2.4122441,
                    -0.47788846,
                    0.18814732
                ],
                "d": [
                    5,
                    1,
                    4,
                    1,
                    1,
                    2,
                    3
                ],
                "t": [
                    1,
                    1,
                    0.92,
                    0.27,
                    0.962,
                    1.033,
                    0.513
                ]
            },
            {
                "residual_type": 7,
                "n": [
                    -1.0657412,
                    -0.20797007,
                    1.1222031,
                    -0.99300799,
                    -0.027300984
                ],
                "d": [
                    1,
                    3,
                    2,
                    2,
                    7
                ],
                "t": [
                    2.31,
                    3.21,
                    1.26,
                    2.29,
                    1
                ],
                "l": [
                    2,
                    2,
                    1,
                    2,
                    1
                ],
                "g": [
                    1.0,
                    1.0,
                    1.0,
                    1.0,
                    1.0
                ]
            },
            {
                "residual_type": 2,
                "n": [
                    1.3757894,
                    -0.44477155,
                    -0.07769742,
                    -2.16719
                ],
                "d": [
                    1,
                    1,
                    3,
                    3
                ],
                "t": [
                    0.6,
                    3.6,
                    2.1,
                    0.5
                ],
                "a": [
                    1.178,
                    1.07,
                    1.775,
                    15.45
                ],
                "b": [
                    2.437,
                    1.488,
                    4,
                    418.6
                ],
                "e": [
                    0.5494,
                    0.7235,
                    0.493,
                    0.8566
                ],
                "g": [
                    1.2667,
                    0.4237,
                    0.8573,
                    1.15
                ]
            }
        ]
    },
    "aux": {
        "delta_l_sat_approx": {
            "type": 1,
            "n": {
                "1": 4.915675810263367,
                "2": -4.4212458698552295,
                "3": 5.72675775026962,
                "4": -3.746340117826641,
                "5": 4.221240347308843,
                "6": -7.214708107153519
            },
            "t": {
                "1": 0.464,
                "2": 0.709,
                "3": 1.422,
                "4": 1.801,
                "5": 8.327,
                "6": 11.454
            }
        },
        "delta_v_sat_approx": {
            "type": 3,
            "n": {
                "1": -3.0745260331510194,
                "2": -0.9359433157855367,
                "3": -10.417112433984668,
                "4": 25.449706975048258,
                "5": -19.993854217365445,
                "6": -2.653264944314633
            },
            "t": {
                "1": 0.426,
                "2": 0.545,
                "3": 1.641,
                "4": 2.034,
                "5": 2.35,
                "6": 5.977
            }
        }
    }
}
