{
    "nl_file": "heavywater_expressions_eos.nl",
    "expr_map": [
        0,
        1,
        2,
        3,
        4,
        13,
        5,
        6,
        7,
        8,
        9,
        10,
        12,
        11
    ],
    "var_map": [
        0,
        1,
        1000,
        1000
    ],
    "param": {
        "R": 0.41515198995301866,
        "MW": 20.027508,
        "T_star": 643.847,
        "rho_star": 355.99996982939996,
        "Tc": 643.847,
        "rhoc": 355.99996982939996,
        "Pc": 21661.830786088245,
        "Tt": 276.969,
        "Pt": 0.6615871366710798,
        "rhot_l": 1105.2870055165952,
        "rhot_v": 0.0057566480454005805,
        "P_min": 1e-05,
        "P_max": 1200000.0,
        "rho_max": 355.99996982939996,
        "T_min": 276.969,
        "T_max": 825,
        "reference_state_offset": [
            0.0,
            0.0
        ]
    },
    "have_tcx": false,
    "have_st": false,
    "have_visc": false
}