{
    "comp": "heavywater",
    "basic": {
        "R": 0.41515198995301866,
        "MW": 20.027508,
        "T_star": 643.847,
        "rho_star": 355.99996982939996,
        "Tc": 643.847,
        "rhoc": 355.99996982939996,
        "Pc": 21661.83100270645,
        "Tt": 276.969,
        "Pt": 0.6615871366710798,
        "rhot_l": 1105.2870055165952,
        "rhot_v": 0.0057566480454005805,
        "P_min": 1e-05,
        "P_max": 1200000.0,
        "rho_max": 1381.608756895744,
        "T_min": 276.969,
        "T_max": 825
    },
    "eos": {
        "reference": [
            "Herrig-JPCRD-2019"
        ],
        "ideal_terms": [
            {
                "ideal_type": 1,
                "a": [
                    -8.670994022646008,
                    6.960335784587801
                ]
            },
            {
                "ideal_type": 2,
                "a": 3.0
            },
            {
                "ideal_type": 3,
                "n": [
                    0.010633,
                    0.99787,
                    2.1483,
                    0.3549
                ],
                "t": [
                    0.47837452065475183,
                    2.632613027629235,
                    6.1334447469662825,
                    16.023993277906087
                ]
            }
        ],
        "residual_terms": [
            {
                "residual_type": 1,
                "n": [
                    0.012208206,
                    2.9695687,
                    -3.7900454,
                    0.9410896,
                    -0.92246625,
                    -0.013960419
                ],
                "d": [
                    4,
                    1,
                    1,
                    2,
                    2,
                    3
                ],
                "t": [
                    1.0,
                    0.6555,
                    0.9369,
                    0.561,
                    0.7017,
                    1.0672
                ]
            },
            {
                "residual_type": 7,
                "n": [
                    -0.12520357,
                    -5.553915,
                    -4.9300974,
                    -0.035947024,
                    -9.3617287,
                    -0.69183515
                ],
                "d": [
                    1,
                    1,
                    3,
                    2,
                    2,
                    1
                ],
                "t": [
                    3.9515,
                    4.6,
                    5.159,
                    0.2,
                    5.4644,
                    2.366
                ],
                "l": [
                    1,
                    2,
                    2,
                    1,
                    2,
                    2
                ],
                "g": [
                    1.0,
                    1.0,
                    1.0,
                    1.0,
                    1.0,
                    1.0
                ]
            },
            {
                "residual_type": 2,
                "n": [
                    -0.04561106,
                    -2.245133,
                    8.6000607,
                    -2.4841042,
                    16.44769,
                    2.7039336,
                    37.563747,
                    -1.7760776,
                    2.2092464,
                    5.19652,
                    0.4210974,
                    -0.3919211
                ],
                "d": [
                    1,
                    3,
                    1,
                    3,
                    1,
                    1,
                    2,
                    2,
                    2,
                    1,
                    1,
                    1
                ],
                "t": [
                    3.4553,
                    1.415,
                    1.5745,
                    3.454,
                    3.8106,
                    4.895,
                    1.43,
                    1.587,
                    3.79,
                    2.62,
                    1.9,
                    4.32
                ],
                "a": [
                    0.6014,
                    1.4723,
                    1.5305,
                    2.4297,
                    1.3086,
                    1.3528,
                    3.4456,
                    1.2645,
                    2.5547,
                    1.2148,
                    18.738,
                    18.677
                ],
                "b": [
                    0.42,
                    2.4318,
                    1.2888,
                    8.271,
                    0.3673,
                    0.9504,
                    7.8318,
                    3.3281,
                    7.1753,
                    0.9465,
                    1177.0,
                    1167.0
                ],
                "e": [
                    1.8663,
                    0.2895,
                    0.5803,
                    0.2236,
                    0.6815,
                    0.9495,
                    1.1158,
                    0.1607,
                    0.4144,
                    0.9683,
                    0.9488,
                    0.9487
                ],
                "g": [
                    1.5414,
                    1.3794,
                    1.7385,
                    1.3045,
                    2.7242,
                    3.5321,
                    2.4552,
                    0.8319,
                    1.35,
                    2.5617,
                    1.0491,
                    1.0486
                ]
            }
        ]
    },
    "aux": {
        "delta_l_sat_approx": {
            "type": 1,
            "n": {
                "1": 1.662,
                "2": 9.0113,
                "3": -15.421,
                "4": 11.576,
                "5": -5.1694,
                "6": -236.24
            },
            "t": {
                "1": 0.29,
                "2": 1.0,
                "3": 1.3,
                "4": 1.77,
                "5": 2.5,
                "6": 16.0
            }
        },
        "delta_v_sat_approx": {
            "type": 2,
            "n": {
                "1": -2.4714,
                "2": -26.6744,
                "3": 53.108,
                "4": -48.015,
                "5": -57.623,
                "6": -371.72
            },
            "t": {
                "1": 0.33,
                "2": 1.29,
                "3": 1.68,
                "4": 2.09,
                "5": 6.1,
                "6": 17.0
            }
        }
    }
}
