{
    "comp": "helium",
    "basic": {
        "R": 2.0772636899696746,
        "MW": 4.002602,
        "T_star": 5.1953,
        "rho_star": 69.58003238740001,
        "Tc": 5.1953,
        "rhoc": 69.58003238740001,
        "Pc": 228.32278679097945,
        "Tt": 2.1768,
        "Pt": 5.039330380576782,
        "rhot_l": 146.01630297656493,
        "rhot_v": 1.1743980975777335,
        "P_min": 1e-05,
        "P_max": 1000000.0,
        "rho_max": 182.52037872070616,
        "T_min": 2.1768,
        "T_max": 2000
    },
    "eos": {
        "reference": [
            "OrtizVega-JPCRD-2019"
        ],
        "ideal_terms": [
            {
                "ideal_type": 1,
                "a": [
                    0.1871304489697973,
                    0.4848903984696551
                ]
            },
            {
                "ideal_type": 2,
                "a": 1.5
            },
            {
                "ideal_type": 8,
                "a": [
                    -0.0138816556862182,
                    -0.0174381783145519
                ]
            }
        ],
        "residual_terms": [
            {
                "residual_type": 1,
                "n": [
                    0.015559018,
                    3.0638932,
                    -4.2420844,
                    0.054418088,
                    -0.18971904,
                    0.087856262
                ],
                "d": [
                    4,
                    1,
                    1,
                    2,
                    2,
                    3
                ],
                "t": [
                    1.0,
                    0.425,
                    0.63,
                    0.69,
                    1.83,
                    0.575
                ]
            },
            {
                "residual_type": 7,
                "n": [
                    2.2833566,
                    -0.53331595,
                    -0.53296502,
                    0.99444915,
                    -0.30078896,
                    -1.6432563
                ],
                "d": [
                    1,
                    1,
                    3,
                    2,
                    2,
                    1
                ],
                "t": [
                    0.925,
                    1.585,
                    1.69,
                    1.51,
                    2.9,
                    0.8
                ],
                "l": [
                    1,
                    2,
                    2,
                    1,
                    2,
                    1
                ],
                "g": [
                    1.0,
                    1.0,
                    1.0,
                    1.0,
                    1.0,
                    1.0
                ]
            },
            {
                "residual_type": 2,
                "n": [
                    0.8029102,
                    0.026838669,
                    0.04687678,
                    -0.14832766,
                    0.03016211,
                    -0.019986041,
                    0.14283514,
                    0.007418269,
                    -0.22989793,
                    0.79224829,
                    -0.049386338
                ],
                "d": [
                    2,
                    1,
                    2,
                    1,
                    1,
                    3,
                    2,
                    2,
                    3,
                    2,
                    2
                ],
                "t": [
                    1.26,
                    3.51,
                    2.785,
                    1.0,
                    4.22,
                    0.83,
                    1.575,
                    3.447,
                    0.73,
                    1.634,
                    6.13
                ],
                "a": [
                    1.5497,
                    9.245,
                    4.76323,
                    6.3826,
                    8.7023,
                    0.255,
                    0.3523,
                    0.1492,
                    0.05,
                    0.1668,
                    42.2358
                ],
                "b": [
                    0.2471,
                    0.0983,
                    0.1556,
                    2.6782,
                    2.7077,
                    0.6621,
                    0.1775,
                    0.4821,
                    0.3069,
                    0.1758,
                    1357.6577
                ],
                "e": [
                    0.596,
                    0.3423,
                    0.761,
                    0.9747,
                    0.5868,
                    0.5627,
                    2.5346,
                    3.6763,
                    4.5245,
                    5.039,
                    0.959
                ],
                "g": [
                    3.15,
                    2.54505,
                    1.2513,
                    1.9416,
                    0.5984,
                    2.2282,
                    1.606,
                    3.815,
                    1.61958,
                    0.6407,
                    1.076
                ]
            }
        ]
    },
    "aux": {
        "delta_l_sat_approx": {
            "type": 1,
            "n": {
                "1": 1.8225767219916278,
                "2": -0.5212838519553242,
                "3": 0.2130685389843537,
                "4": -0.44861224586106435,
                "5": 5.329845315529739,
                "6": -10.020970811883176
            },
            "t": {
                "1": 0.402,
                "2": 0.491,
                "3": 0.941,
                "4": 1.784,
                "5": 8.213,
                "6": 9.042
            }
        },
        "delta_v_sat_approx": {
            "type": 3,
            "n": {
                "1": -0.8412289332631507,
                "2": -3.590072534944493,
                "3": 2.2788760536554777,
                "4": -1.4459129841887175,
                "5": 2.0638632716793297,
                "6": -14.547720153618606
            },
            "t": {
                "1": 0.211,
                "2": 0.693,
                "3": 0.749,
                "4": 1.118,
                "5": 1.846,
                "6": 19.915
            }
        }
    }
}
