{
    "nl_file": "helium_expressions_eos.nl",
    "expr_map": [
        0,
        1,
        2,
        3,
        4,
        13,
        5,
        6,
        7,
        8,
        9,
        10,
        12,
        11
    ],
    "var_map": [
        0,
        1,
        1000,
        1000
    ],
    "param": {
        "R": 2.0772636899696746,
        "MW": 4.002602,
        "T_star": 5.1953,
        "rho_star": 69.58003238740001,
        "Tc": 5.1953,
        "rhoc": 69.58003238740001,
        "Pc": 228.3227845077515,
        "Tt": 2.1768,
        "Pt": 5.039330380576782,
        "rhot_l": 146.01630297656493,
        "rhot_v": 1.1743980975777335,
        "P_min": 1e-05,
        "P_max": 1000000.0,
        "rho_max": 69.58003238740001,
        "T_min": 2.1768,
        "T_max": 2000,
        "reference_state_offset": [
            0.0,
            0.0
        ]
    },
    "have_tcx": false,
    "have_st": false,
    "have_visc": false
}