{
    "nl_file": "hydrogensulfide_expressions_eos.nl",
    "expr_map": [
        0,
        1,
        2,
        3,
        4,
        13,
        5,
        6,
        7,
        8,
        9,
        10,
        12,
        11
    ],
    "var_map": [
        0,
        1,
        1000,
        1000
    ],
    "param": {
        "R": 0.2439629493135154,
        "MW": 34.08088,
        "T_star": 373.1,
        "rho_star": 347.2841672,
        "Tc": 373.1,
        "rhoc": 347.2841672,
        "Pc": 8998.73457565418,
        "Tt": 187.7,
        "Pt": 23.258855838991202,
        "rhot_l": 992.3100410961786,
        "rhot_v": 0.5120392097901864,
        "P_min": 1e-05,
        "P_max": 170000.0,
        "rho_max": 347.2841672,
        "T_min": 187.7,
        "T_max": 760,
        "reference_state_offset": [
            0.0,
            0.0
        ]
    },
    "have_tcx": false,
    "have_st": false,
    "have_visc": false
}