{
    "comp": "hydrogenchloride",
    "basic": {
        "R": 0.22803770066015927,
        "MW": 36.460899999999995,
        "T_star": 324.68,
        "rho_star": 432.79088299999995,
        "Tc": 324.68,
        "rhoc": 432.79088299999995,
        "Pc": 8313.506755642786,
        "Tt": 159.07,
        "Pt": 13.82840467892872,
        "rhot_l": 1254.280851724428,
        "rhot_v": 0.3839592017243616,
        "P_min": 1e-05,
        "P_max": 680000.0,
        "rho_max": 1567.851064655535,
        "T_min": 159.07,
        "T_max": 670
    },
    "eos": {
        "reference": [
            "Thol-JCED-2018-HCl"
        ],
        "ideal_terms": [
            {
                "ideal_type": 1,
                "a": [
                    -4.069044527,
                    4.0257768311
                ]
            },
            {
                "ideal_type": 2,
                "a": 2.5
            },
            {
                "ideal_type": 3,
                "n": [
                    0.0033327,
                    0.935243,
                    0.209996
                ],
                "t": [
                    0.9239866945915979,
                    12.319822594554639,
                    19.403720586423557
                ]
            }
        ],
        "residual_terms": [
            {
                "residual_type": 1,
                "n": [
                    0.01952802,
                    1.926809,
                    -2.835744,
                    -0.2276121,
                    0.08843713
                ],
                "d": [
                    4,
                    1,
                    1,
                    2,
                    3
                ],
                "t": [
                    1.0,
                    0.553,
                    1.037,
                    0.817,
                    0.378
                ]
            },
            {
                "residual_type": 7,
                "n": [
                    -2.433471,
                    -0.2636625,
                    0.6307008,
                    -0.6382638,
                    -0.006851438
                ],
                "d": [
                    1,
                    3,
                    2,
                    2,
                    7
                ],
                "t": [
                    1.523,
                    2.656,
                    1.338,
                    2.828,
                    0.75
                ],
                "l": [
                    2,
                    2,
                    1,
                    2,
                    1
                ],
                "g": [
                    1.0,
                    1.0,
                    1.0,
                    1.0,
                    1.0
                ]
            },
            {
                "residual_type": 2,
                "n": [
                    7.363661,
                    -1.262993,
                    -0.006539739,
                    -0.8752692,
                    -3.224835
                ],
                "d": [
                    1,
                    1,
                    3,
                    2,
                    2
                ],
                "t": [
                    0.644,
                    2.892,
                    0.76,
                    1.323,
                    0.693
                ],
                "a": [
                    1.141,
                    1.162,
                    34.6,
                    1.175,
                    0.99
                ],
                "b": [
                    0.95,
                    0.92,
                    1550,
                    1.2,
                    0.89
                ],
                "e": [
                    0.855,
                    0.91,
                    0.942,
                    0.702,
                    0.487
                ],
                "g": [
                    1.56,
                    1.14,
                    1.06,
                    0.94,
                    1.25
                ]
            }
        ]
    },
    "aux": {
        "delta_l_sat_approx": {
            "type": 1,
            "n": {
                "1": 2.547,
                "2": -0.631,
                "3": 1.75,
                "4": -1.922,
                "5": 1.03
            },
            "t": {
                "1": 0.418,
                "2": 1.12,
                "3": 1.86,
                "4": 2.66,
                "5": 3.57
            }
        },
        "delta_v_sat_approx": {
            "type": 2,
            "n": {
                "1": -2.5676,
                "2": -4.1055,
                "3": -12.068,
                "4": -29.03,
                "5": -54.93,
                "6": -222.7
            },
            "t": {
                "1": 0.417,
                "2": 0.923,
                "3": 2.57,
                "4": 5.54,
                "5": 10.5,
                "6": 23.3
            }
        }
    }
}
