{
    "nl_file": "hydrogenchloride_expressions_eos.nl",
    "expr_map": [
        0,
        1,
        2,
        3,
        4,
        13,
        5,
        6,
        7,
        8,
        9,
        10,
        12,
        11
    ],
    "var_map": [
        0,
        1,
        1000,
        1000
    ],
    "param": {
        "R": 0.22803770066015927,
        "MW": 36.460899999999995,
        "T_star": 324.68,
        "rho_star": 432.79088299999995,
        "Tc": 324.68,
        "rhoc": 432.79088299999995,
        "Pc": 8313.506672507683,
        "Tt": 159.07,
        "Pt": 13.82840467892872,
        "rhot_l": 1254.280851724428,
        "rhot_v": 0.3839592017243616,
        "P_min": 1e-05,
        "P_max": 680000.0,
        "rho_max": 432.79088299999995,
        "T_min": 159.07,
        "T_max": 670,
        "reference_state_offset": [
            0.0,
            0.0
        ]
    },
    "have_tcx": false,
    "have_st": false,
    "have_visc": false
}