{
    "nl_file": "hydrogen_expressions_eos.nl",
    "expr_map": [
        0,
        1,
        2,
        3,
        4,
        13,
        5,
        6,
        7,
        8,
        9,
        10,
        12,
        11
    ],
    "var_map": [
        0,
        1,
        1000,
        1000
    ],
    "param": {
        "R": 4.124487568704487,
        "MW": 2.0158799999999997,
        "T_star": 33.145,
        "rho_star": 31.262267039999998,
        "Tc": 33.145,
        "rhoc": 31.262267039999998,
        "Pc": 1296.4845442380572,
        "Tt": 13.957,
        "Pt": 7.357828141607672,
        "rhot_l": 77.00367606140448,
        "rhot_v": 0.1298534529418829,
        "P_min": 1e-05,
        "P_max": 2000000.0,
        "rho_max": 32.467915256369785,
        "T_min": 13.957,
        "T_max": 1000,
        "reference_state_offset": [
            0.0,
            0.0
        ]
    },
    "have_tcx": false,
    "have_st": false,
    "have_visc": false
}