{
    "comp": "hydrogen",
    "basic": {
        "R": 4.124487568704487,
        "MW": 2.0158799999999997,
        "T_star": 33.145,
        "rho_star": 31.262267039999998,
        "Tc": 33.145,
        "rhoc": 31.262267039999998,
        "Pc": 1296.4,
        "Tt": 13.957,
        "Pt": 7.357828141607672,
        "rhot_l": 77.00367606140448,
        "rhot_v": 0.1298534529418829,
        "P_min": 1e-05,
        "P_max": 2000000.0,
        "rho_max": 96.25459507675559,
        "T_min": 13.957,
        "T_max": 1000
    },
    "eos": {
        "reference": [
            "Leachman-JPCRD-2009"
        ],
        "ideal_terms": [
            {
                "ideal_type": 1,
                "a": [
                    -1.4579856475,
                    1.888076782
                ]
            },
            {
                "ideal_type": 2,
                "a": 1.5
            },
            {
                "ideal_type": 5,
                "n": [
                    1.616,
                    -0.4117,
                    -0.792,
                    0.758,
                    1.217
                ],
                "t": [
                    531,
                    751,
                    1989,
                    2484,
                    6859
                ]
            }
        ],
        "residual_terms": [
            {
                "residual_type": 1,
                "n": [
                    -6.93643,
                    0.01,
                    2.1101,
                    4.52059,
                    0.732564,
                    -1.34086,
                    0.130985
                ],
                "d": [
                    1,
                    4,
                    1,
                    1,
                    2,
                    2,
                    3
                ],
                "t": [
                    0.6844,
                    1,
                    0.989,
                    0.489,
                    0.803,
                    1.1444,
                    1.409
                ]
            },
            {
                "residual_type": 7,
                "n": [
                    -0.777414,
                    0.351944
                ],
                "d": [
                    1,
                    3
                ],
                "t": [
                    1.754,
                    1.311
                ],
                "l": [
                    1,
                    1
                ],
                "g": [
                    1.0,
                    1.0
                ]
            },
            {
                "residual_type": 2,
                "n": [
                    -0.0211716,
                    0.0226312,
                    0.032187,
                    -0.0231752,
                    0.0557346
                ],
                "d": [
                    2,
                    1,
                    3,
                    1,
                    1
                ],
                "t": [
                    4.187,
                    5.646,
                    0.791,
                    7.249,
                    2.986
                ],
                "a": [
                    1.685,
                    0.489,
                    0.103,
                    2.506,
                    1.607
                ],
                "b": [
                    0.171,
                    0.2245,
                    0.1304,
                    0.2785,
                    0.3967
                ],
                "e": [
                    1.506,
                    0.156,
                    1.736,
                    0.67,
                    1.662
                ],
                "g": [
                    0.7164,
                    1.3444,
                    1.4517,
                    0.7204,
                    1.5445
                ]
            }
        ]
    },
    "aux": {
        "delta_l_sat_approx": {
            "type": 1,
            "n": {
                "1": 1.9546584452513824,
                "2": -5.715534926385584,
                "3": 714.2366728890577,
                "4": -1666.5447521212081,
                "5": 2698.8598951804593,
                "6": -12755.576112629806
            },
            "t": {
                "1": 0.407,
                "2": 3.401,
                "3": 7.095,
                "4": 8.095,
                "5": 10.911,
                "6": 17.353
            }
        },
        "delta_v_sat_approx": {
            "type": 3,
            "n": {
                "1": -3.036644018774332,
                "2": -773.9211864728516,
                "3": 1530.809493601263,
                "4": -3087.995404817007,
                "5": 3472.491545729249,
                "6": -15649.585518005188
            },
            "t": {
                "1": 0.473,
                "2": 6.618,
                "3": 7.083,
                "4": 9.094,
                "5": 10.577,
                "6": 19.579
            }
        }
    }
}
