{
    "comp": "isobutane",
    "basic": {
        "R": 0.14305157,
        "MW": 58.12220,
        "T_star": 407.81,
        "rho_star": 225.5,
        "Tc": 407.81,
        "rhoc": 225.5,
        "Pc": 3629,
        "Tt": 113.73,
        "Pt": 0.0000219,
        "rhot_l": 740.339,
        "rhot_v": 0.00000141,
        "P_min": 1e-9,
        "P_max": 1.1e6,
        "rho_max": 1250.0,
        "T_min": 235,
        "T_max": 1300
    },
    "eos": {
        "reference": [
            "Reference Equations of State for the Thermodynamic",
            "Properties of Fluid Phase -Butane and Isobutane",
            "D. Bücker; W. Wagner"
        ],
        "c": {
            "8": 1,
            "9": 1,
            "10": 1,
            "11": 1,
            "12": 1,
            "13": 1,
            "14": 2,
            "15": 2,
            "16": 2,
            "17": 2,
            "18": 2,
            "19": 2,
            "20": 2,
            "21": 2,
            "22": 3,
            "23": 3
        },
        "d": {
            "1": 1,
            "2": 1,
            "3": 1,
            "4": 2,
            "5": 3,
            "6": 4,
            "7": 4,
            "8": 1,
            "9": 1,
            "10": 2,
            "11": 7,
            "12": 8,
            "13": 8,
            "14": 1,
            "15": 2,
            "16": 3,
            "17": 3,
            "18": 4,
            "19": 5,
            "20": 5,
            "21": 10,
            "22": 2,
            "23": 6,
            "24": 1,
            "25": 2
        },
        "t": {
            "1": 0.5,
            "2": 1,
            "3": 1.5,
            "4": 0,
            "5": 0.5,
            "6": 0.5,
            "7": 0.75,
            "8": 2,
            "9": 2.5,
            "10": 2.5,
            "11": 1.5,
            "12": 1,
            "13": 1.5,
            "14": 4,
            "15": 7,
            "16": 3,
            "17": 7,
            "18": 3,
            "19": 1,
            "20": 6,
            "21": 0,
            "22": 6,
            "23": 13,
            "24": 2,
            "25": 0
        },
        "n": {
            "1": 0.20686820727966e1,
            "2": -0.36400098615204e1,
            "3": 0.51968754427244,
            "4": 0.17745845870123,
            "5": -0.12361807851599,
            "6": 0.45145314010528e-1,
            "7": 0.30476479965980e-1,
            "8": 0.75508387706302,
            "9": -0.85885381015629,
            "10": 0.36324009830684e-1,
            "11": -0.19548799450550e-1,
            "12": -0.44452392904960e-2,
            "13": 0.46410763666460e-2,
            "14": -0.71444097992825e-1,
            "15": -0.80765060030713e-1,
            "16": 0.15560460945053,
            "17": 0.20318752160332e-2,
            "18": -0.10624883571689,
            "19": 0.39807690546305e-1,
            "20": 0.16371431292386e-1,
            "21": 0.53212200682628e-3,
            "22": -0.78681561156387e-2,
            "23": -0.30981191888963e-2,
            "24": -0.42276036810382e-1,
            "25": -0.53001044558079e-2
        },
        "a": {
            "24": 10,
            "25": 10
        },
        "b": {
            "24": 150,
            "25": 200
        },
        "g": {
            "24": 1.16,
            "25": 1.13
        },
        "e": {
            "24": 0.85,
            "25": 1
        },
        "n0": {
            "1": 11.60865546,
            "2": -5.29450411,
            "3": 3.05956619,
            "4": 4.94641014,
            "5": 4.09475197,
            "6": 15.6632824,
            "7": 9.73918122
        },
        "g0": {
            "4": 0.9512779015,
            "5": 2.3878958853,
            "6": 4.3469042691,
            "7": 10.3688586351
        },
        "last_term_ideal": 7,
        "last_term_residual": [
            7,
            23,
            25
        ],
        "phi_ideal_type": 1,
        "phi_residual_type": 2
    },
    "aux": {
        "reference": [
            "Reference Equations of State for the Thermodynamic",
            "Properties of Fluid Phase -Butane and Isobutane",
            "D. Bücker; W. Wagner"
        ],
        "delta_l_sat_approx": {
            "c": 1.0,
            "n": {
                "1": 2.04025104,
                "2": 0.850874089,
                "3": -0.479052281,
                "4": 0.348201252
            },
            "t": {
                "1": 0.355,
                "2": 1,
                "3": 1.333333333,
                "4": 2.3333333
            },
            "type": 1
        },
        "delta_v_sat_approx": {
            "c": 1,
            "n": {
                "1": -2.12933323,
                "2": -2.93790085,
                "3": -0.89441086,
                "4": -3.46343707
            },
            "t": {
                "1": 0.355,
                "2": 0.83333333333,
                "3": 3.1666666666,
                "4": 4.333333333
            },
            "type": 3
        }
    },
    "transport": {
        "thermal_conductivity": {
            "reference": []
        },
        "viscosity": {
            "reference": []
        },
        "surface_tension": {
            "reference": [
                "Mulero, A., I. Cachadina, Parra, M., Recommended Correlations for the Surface ",
                "    Tension of Common Fluids, J. Phys. Chem. Ref. Data 41, 043105, (2012)."
            ],
            "Tc": 407.81,
            "s": {
                "0": -0.01639,
                "1": 0.06121
            },
            "n": {
                "0": 2.102,
                "1": 1.304
            },
            "type": 1
        }
    }
}