{
    "nl_file": "isobutene_expressions_eos.nl",
    "expr_map": [
        0,
        1,
        2,
        3,
        4,
        13,
        5,
        6,
        7,
        8,
        9,
        10,
        12,
        11
    ],
    "var_map": [
        0,
        1,
        1000,
        1000
    ],
    "param": {
        "R": 0.1481913623991023,
        "MW": 56.10631999999999,
        "T_star": 418.09,
        "rho_star": 233.96335439999996,
        "Tc": 418.09,
        "rhoc": 233.96335439999996,
        "Pc": 4015.719539577969,
        "Tt": 132.4,
        "Pt": 0.0006761899977345366,
        "rhot_l": 766.7911566332629,
        "rhot_v": 3.446372139939744e-05,
        "P_min": 1e-05,
        "P_max": 50000.0,
        "rho_max": 235.11258915179937,
        "T_min": 132.4,
        "T_max": 550,
        "reference_state_offset": [
            0.0,
            0.0
        ]
    },
    "have_tcx": false,
    "have_st": false,
    "have_visc": false
}