{
    "comp": "isobutene",
    "basic": {
        "R": 0.1481913623991023,
        "MW": 56.10631999999999,
        "T_star": 418.09,
        "rho_star": 233.96335439999996,
        "Tc": 418.09,
        "rhoc": 233.96335439999996,
        "Pc": 4009.8,
        "Tt": 132.4,
        "Pt": 0.0006761899977345366,
        "rhot_l": 766.7911566332629,
        "rhot_v": 3.446372139939744e-05,
        "P_min": 1e-05,
        "P_max": 50000.0,
        "rho_max": 958.4889457915785,
        "T_min": 132.4,
        "T_max": 550
    },
    "eos": {
        "reference": [
            "Lemmon-FPE-2005"
        ],
        "ideal_terms": [
            {
                "ideal_type": 1,
                "a": [
                    -0.12737888,
                    2.3125128
                ]
            },
            {
                "ideal_type": 2,
                "a": 3
            },
            {
                "ideal_type": 3,
                "n": [
                    4.8924,
                    7.832,
                    7.2867,
                    8.7293
                ],
                "t": [
                    0.9543399746466072,
                    3.037623478198474,
                    4.795618168336961,
                    9.60797914324667
                ]
            }
        ],
        "residual_terms": [
            {
                "residual_type": 1,
                "n": [
                    0.77111,
                    -2.7971,
                    1.0118,
                    0.02073,
                    0.085086,
                    0.00021968
                ],
                "d": [
                    1,
                    1,
                    1,
                    2,
                    3,
                    7
                ],
                "t": [
                    0.12,
                    1.3,
                    1.74,
                    2.1,
                    0.28,
                    0.69
                ]
            },
            {
                "residual_type": 7,
                "n": [
                    0.20633,
                    -0.078843,
                    -0.23726,
                    -0.080211,
                    -0.027001,
                    0.013072
                ],
                "d": [
                    2,
                    5,
                    1,
                    4,
                    3,
                    4
                ],
                "t": [
                    0.75,
                    2,
                    4.4,
                    4.7,
                    15,
                    14
                ],
                "l": [
                    1,
                    1,
                    2,
                    2,
                    3,
                    3
                ],
                "g": [
                    1.0,
                    1.0,
                    1.0,
                    1.0,
                    1.0,
                    1.0
                ]
            }
        ]
    },
    "aux": {
        "delta_l_sat_approx": {
            "type": 1,
            "n": {
                "1": 3.836064588981606,
                "2": -8.505454480687774,
                "3": 12.985006905703951,
                "4": -10.011005004151073,
                "5": 5.376836540123832,
                "6": -10.94925598220989
            },
            "t": {
                "1": 0.444,
                "2": 0.979,
                "3": 1.37,
                "4": 2.24,
                "5": 3.344,
                "6": 13.946
            }
        },
        "delta_v_sat_approx": {
            "type": 3,
            "n": {
                "1": -8.729642476739642,
                "2": 6.811506526700638,
                "3": -6.411697069038467,
                "4": 5.7983193722867306,
                "5": -6.559199615514519,
                "6": -12.258975766186447
            },
            "t": {
                "1": 0.507,
                "2": 0.607,
                "3": 1.205,
                "4": 1.898,
                "5": 3.194,
                "6": 18.774
            }
        }
    }
}
