{
    "nl_file": "isohexane_expressions_eos.nl",
    "expr_map": [
        0,
        1,
        2,
        3,
        4,
        13,
        5,
        6,
        7,
        8,
        9,
        10,
        12,
        11
    ],
    "var_map": [
        0,
        1,
        1000,
        1000
    ],
    "param": {
        "R": 0.09648317105956972,
        "MW": 86.17536,
        "T_star": 497.7,
        "rho_star": 233.96610240000007,
        "Tc": 497.7,
        "rhoc": 233.96610240000007,
        "Pc": 3042.618617609128,
        "Tt": 119.6,
        "Pt": 7.74448666750253e-09,
        "rhot_l": 807.5305511649082,
        "rhot_v": 6.65024431184034e-10,
        "P_min": 1e-05,
        "P_max": 1000000.0,
        "rho_max": 233.96610240000007,
        "T_min": 119.6,
        "T_max": 550,
        "reference_state_offset": [
            0.0,
            0.0
        ]
    },
    "have_tcx": false,
    "have_st": false,
    "have_visc": false
}