{
    "comp": "isohexane",
    "basic": {
        "R": 0.09648317105956972,
        "MW": 86.17536,
        "T_star": 497.7,
        "rho_star": 233.96610240000007,
        "Tc": 497.7,
        "rhoc": 233.96610240000007,
        "Pc": 3040.0,
        "Tt": 119.6,
        "Pt": 7.74448666750253e-09,
        "rhot_l": 807.5305511649082,
        "rhot_v": 6.65024431184034e-10,
        "P_min": 1e-05,
        "P_max": 1000000.0,
        "rho_max": 1009.4131889561352,
        "T_min": 119.6,
        "T_max": 550
    },
    "eos": {
        "reference": [
            "Lemmon-JCED-2006"
        ],
        "ideal_terms": [
            {
                "ideal_type": 1,
                "a": [
                    6.9259123919,
                    -0.3128629679
                ]
            },
            {
                "ideal_type": 2,
                "a": 3
            },
            {
                "ideal_type": 3,
                "n": [
                    7.9127,
                    16.871,
                    19.257,
                    14.075
                ],
                "t": [
                    0.6530038175607796,
                    2.310628892907374,
                    4.816154309825196,
                    11.84046614426361
                ]
            }
        ],
        "residual_terms": [
            {
                "residual_type": 1,
                "n": [
                    1.1027,
                    -2.9699,
                    1.0295,
                    -0.21238,
                    0.11897,
                    0.00027738
                ],
                "d": [
                    1,
                    1,
                    1,
                    2,
                    3,
                    7
                ],
                "t": [
                    0.25,
                    1.125,
                    1.5,
                    1.375,
                    0.25,
                    0.875
                ]
            },
            {
                "residual_type": 7,
                "n": [
                    0.40103,
                    -0.034238,
                    -0.43584,
                    -0.11693,
                    -0.019262,
                    0.0080783
                ],
                "d": [
                    2,
                    5,
                    1,
                    4,
                    3,
                    4
                ],
                "t": [
                    0.625,
                    1.75,
                    3.625,
                    3.625,
                    14.5,
                    12
                ],
                "l": [
                    1,
                    1,
                    2,
                    2,
                    3,
                    3
                ],
                "g": [
                    1.0,
                    1.0,
                    1.0,
                    1.0,
                    1.0,
                    1.0
                ]
            }
        ]
    },
    "aux": {
        "delta_l_sat_approx": {
            "type": 1,
            "n": {
                "1": 29.736674024252952,
                "2": -32.776310208283974,
                "3": 12.807786215246882,
                "4": -39.16424989170224,
                "5": 54.00461957755715,
                "6": -21.62958726811339
            },
            "t": {
                "1": 0.607,
                "2": 0.679,
                "3": 1.285,
                "4": 2.085,
                "5": 2.358,
                "6": 2.566
            }
        },
        "delta_v_sat_approx": {
            "type": 3,
            "n": {
                "1": -3.4838373689586257,
                "2": -1.3801826623957218,
                "3": -0.41695283944559747,
                "4": -3.629169326872457,
                "5": -1.7995609906492396,
                "6": -3.545077267428688
            },
            "t": {
                "1": 0.464,
                "2": 0.777,
                "3": 1.511,
                "4": 3.227,
                "5": 5.307,
                "6": 19.158
            }
        }
    }
}
