{
    "nl_file": "isopentane_expressions_eos.nl",
    "expr_map": [
        0,
        1,
        2,
        3,
        4,
        13,
        5,
        6,
        7,
        8,
        9,
        10,
        12,
        11
    ],
    "var_map": [
        0,
        1,
        1000,
        1000
    ],
    "param": {
        "R": 0.11524064578777356,
        "MW": 72.14878,
        "T_star": 460.35,
        "rho_star": 235.99865938,
        "Tc": 460.35,
        "rhoc": 235.99865938,
        "Pc": 3378.2280383501766,
        "Tt": 112.65,
        "Pt": 8.949025483876957e-08,
        "rhot_l": 789.0110722337223,
        "rhot_v": 6.896350799901587e-09,
        "P_min": 1e-05,
        "P_max": 1000000.0,
        "rho_max": 241.4540005770725,
        "T_min": 112.65,
        "T_max": 500,
        "reference_state_offset": [
            0.0,
            0.0
        ]
    },
    "have_tcx": false,
    "have_st": false,
    "have_visc": false
}