{
    "comp": "isopentane",
    "basic": {
        "R":  0.11524,
        "MW": 72.14878,
        "T_star":460.35,
        "rho_star": 215.6542490,
        "Tc": 460.35,
        "rhoc": 235.99865938,
        "Pc": 3378,
        "Tt": 112.65,
        "Pt": 9e-05,
        "rhot_l": 789.01,
        "rhot_v": 6.9e-09,
        "P_min": 9e-08,
        "P_max": 1000000,
        "rho_max": 788.23,
        "T_min": 112.65,
        "T_max": 500
    },
    "eos": {
        "reference": [
            "Reference Equations of State for the Thermodynamic",
            "Properties of Fluid Phase -Butane and Isobutane",
            "D. Bücker; W. Wagner"
        ],
        "n0":{
            "1": 2.5822330405,
            "2": 1.1609103419,
            "3": 3,
            "4": 7.4056,
            "5": 9.5772,
            "6": 15.765,
            "7": 12.119
              },
          "g0": {
            "4": 0.9601390246551537,
            "5": 2.409036602584989,
            "6": 4.494406429890301,
            "7": 9.108287172803301
          },
          "d": {
            "1": 1,
            "2": 1,
            "3": 1,
            "4": 2,
            "5": 3,
            "6": 7,
            "7": 2,
            "8": 5,
            "9": 1,
            "10": 4,
            "11": 3,
            "12": 4
          },
          "c": {
            "7": 1,
            "8": 1,
            "9": 2,
            "10": 2,
            "11": 3,
            "12": 3
          },
          "n": {
            "1": 1.0963,
            "2": -3.0402,
            "3": 1.0317,
            "4": -0.1541,
            "5": 0.11535,
            "6": 0.00029809,
            "7": 0.39571,
            "8": -0.045881,
            "9": -0.35804,
            "10": -0.10107,
            "11": -0.035484,
            "12": 0.018156
          },
          "t": {
            "1": 0.25,
            "2": 1.125,
            "3": 1.5,
            "4": 1.375,
            "5": 0.25,
            "6": 0.875,
            "7": 0.625,
            "8": 1.75,
            "9": 3.625,
            "10": 3.625,
            "11": 14.5,
            "12": 12
          },
        "last_term_ideal":7,
        "phi_ideal_type":1,
        "last_term_residual": [6,12],
        "phi_residual_type":1
    },
    "aux": {
        "reference": [
        ],
        "delta_l_sat_approx": {
            "c":1,
            "n": {
                "1": 1.2287,
                "2": 1.5427
            },
            "t": {
                "1": 1,
                "2": 0.25847
            },
            "type":1
            
        },
        "delta_v_sat_approx": {
            "c":1,
            "n":{
                "1": 0.58077,
                "2": -1.5008
            },
            "t":{
                "1": 1,
                "2": 0.21978
            },
            "type":1
        }
    },
    "transport": {
        "thermal_conductivity": {
            "reference": []
        },
        "viscosity": {
            "reference": []
        },
        "surface_tension": {
            "reference": [
               
            ]
        }
    }
}