{
    "comp": "isopentane",
    "basic": {
        "R": 0.11524064578777356,
        "MW": 72.14878,
        "T_star": 460.35,
        "rho_star": 235.99865938,
        "Tc": 460.35,
        "rhoc": 235.99865938,
        "Pc": 3378.0,
        "Tt": 112.65,
        "Pt": 8.949025483876957e-08,
        "rhot_l": 789.0110722337223,
        "rhot_v": 6.896350799901587e-09,
        "P_min": 1e-05,
        "P_max": 1000000.0,
        "rho_max": 986.2638402921528,
        "T_min": 112.65,
        "T_max": 500
    },
    "eos": {
        "reference": [
            "Lemmon-JCED-2006"
        ],
        "ideal_terms": [
            {
                "ideal_type": 1,
                "a": [
                    2.5822330405,
                    1.1609103419
                ]
            },
            {
                "ideal_type": 2,
                "a": 3
            },
            {
                "ideal_type": 3,
                "n": [
                    7.4056,
                    9.5772,
                    15.765,
                    12.119
                ],
                "t": [
                    0.9601390246551537,
                    2.409036602584989,
                    4.494406429890301,
                    9.108287172803301
                ]
            }
        ],
        "residual_terms": [
            {
                "residual_type": 1,
                "n": [
                    1.0963,
                    -3.0402,
                    1.0317,
                    -0.1541,
                    0.11535,
                    0.00029809
                ],
                "d": [
                    1,
                    1,
                    1,
                    2,
                    3,
                    7
                ],
                "t": [
                    0.25,
                    1.125,
                    1.5,
                    1.375,
                    0.25,
                    0.875
                ]
            },
            {
                "residual_type": 7,
                "n": [
                    0.39571,
                    -0.045881,
                    -0.35804,
                    -0.10107,
                    -0.035484,
                    0.018156
                ],
                "d": [
                    2,
                    5,
                    1,
                    4,
                    3,
                    4
                ],
                "t": [
                    0.625,
                    1.75,
                    3.625,
                    3.625,
                    14.5,
                    12
                ],
                "l": [
                    1,
                    1,
                    2,
                    2,
                    3,
                    3
                ],
                "g": [
                    1.0,
                    1.0,
                    1.0,
                    1.0,
                    1.0,
                    1.0
                ]
            }
        ]
    },
    "aux": {
        "delta_l_sat_approx": {
            "type": 1,
            "n": {
                "1": 1.90090139367392,
                "2": 0.5608577220827222,
                "3": 0.291792033747788,
                "4": -0.22951340206902662,
                "5": 50.602054710991816,
                "6": -59.20907806248923
            },
            "t": {
                "1": 0.335,
                "2": 0.852,
                "3": 2.009,
                "4": 4.806,
                "5": 14.584,
                "6": 15.417
            }
        },
        "delta_v_sat_approx": {
            "type": 3,
            "n": {
                "1": -0.293842156388657,
                "2": -3.3757748736495574,
                "3": -2.160437982604624,
                "4": -8.713491274417024,
                "5": 4.916720756118398,
                "6": -0.9275607204099507
            },
            "t": {
                "1": 0.192,
                "2": 0.477,
                "3": 1.313,
                "4": 5.085,
                "5": 6.047,
                "6": 14.238
            }
        }
    }
}
