{
    "comp": "krypton",
    "basic": {
        "R": 0.09922041098832908,
        "MW": 83.798,
        "T_star": 209.48,
        "rho_star": 909.2083,
        "Tc": 209.48,
        "rhoc": 909.2083,
        "Pc": 5525.0,
        "Tt": 115.77,
        "Pt": 73.50283747636901,
        "rhot_l": 2446.6772230435463,
        "rhot_v": 6.571271654251115,
        "P_min": 1e-05,
        "P_max": 200000.0,
        "rho_max": 3058.3465288044326,
        "T_min": 115.77,
        "T_max": 750
    },
    "eos": {
        "reference": [
            "Lemmon-JCED-2006"
        ],
        "ideal_terms": [
            {
                "ideal_type": 1,
                "a": [
                    -3.7506412806,
                    3.7798018435
                ]
            },
            {
                "ideal_type": 2,
                "a": 1.5
            }
        ],
        "residual_terms": [
            {
                "residual_type": 1,
                "n": [
                    0.83561,
                    -2.3725,
                    0.54567,
                    0.014361,
                    0.066502,
                    0.0001931
                ],
                "d": [
                    1,
                    1,
                    1,
                    2,
                    3,
                    7
                ],
                "t": [
                    0.25,
                    1.125,
                    1.5,
                    1.375,
                    0.25,
                    0.875
                ]
            },
            {
                "residual_type": 7,
                "n": [
                    0.16818,
                    -0.033133,
                    -0.15008,
                    -0.022897,
                    -0.021454,
                    0.0069397
                ],
                "d": [
                    2,
                    5,
                    1,
                    4,
                    3,
                    4
                ],
                "t": [
                    0.625,
                    1.75,
                    3.625,
                    3.625,
                    14.5,
                    12
                ],
                "l": [
                    1,
                    1,
                    2,
                    2,
                    3,
                    3
                ],
                "g": [
                    1.0,
                    1.0,
                    1.0,
                    1.0,
                    1.0,
                    1.0
                ]
            }
        ]
    },
    "aux": {
        "delta_l_sat_approx": {
            "type": 1,
            "n": {
                "1": 2.546150113785161,
                "2": -5.378194265123711,
                "3": 8.373146326331726,
                "4": -116.81279901170906,
                "5": 18068.951065200818,
                "6": -1719409.740660462
            },
            "t": {
                "1": 0.423,
                "2": 1.611,
                "3": 2.063,
                "4": 6.632,
                "5": 12.833,
                "6": 19.438
            }
        },
        "delta_v_sat_approx": {
            "type": 3,
            "n": {
                "1": -5.11839525888464,
                "2": 1.8524855046540656,
                "3": -2.3327083913774804,
                "4": 5.670498376648386,
                "5": -13.437817551364956,
                "6": 2923.704628658189
            },
            "t": {
                "1": 0.487,
                "2": 0.544,
                "3": 1.593,
                "4": 3.18,
                "5": 4.851,
                "6": 14.775
            }
        }
    }
}
