{
    "nl_file": "krypton_expressions_eos.nl",
    "expr_map": [
        0,
        1,
        2,
        3,
        4,
        13,
        5,
        6,
        7,
        8,
        9,
        10,
        12,
        11
    ],
    "var_map": [
        0,
        1,
        1000,
        1000
    ],
    "param": {
        "R": 0.09922041098832908,
        "MW": 83.798,
        "T_star": 209.48,
        "rho_star": 909.2083,
        "Tc": 209.48,
        "rhoc": 909.2083,
        "Pc": 5525.501984784331,
        "Tt": 115.77,
        "Pt": 73.50283747636901,
        "rhot_l": 2446.6772230435463,
        "rhot_v": 6.571271654251115,
        "P_min": 1e-05,
        "P_max": 200000.0,
        "rho_max": 917.6484348237138,
        "T_min": 115.77,
        "T_max": 750,
        "reference_state_offset": [
            0.0,
            0.0
        ]
    },
    "have_tcx": false,
    "have_st": false,
    "have_visc": false
}