{
    "nl_file": "m-xylene_expressions_eos.nl",
    "expr_map": [
        0,
        1,
        2,
        3,
        4,
        13,
        5,
        6,
        7,
        8,
        9,
        10,
        12,
        11
    ],
    "var_map": [
        0,
        1,
        1000,
        1000
    ],
    "param": {
        "R": 0.07831650732350587,
        "MW": 106.16499999999999,
        "T_star": 616.89,
        "rho_star": 282.92972499999996,
        "Tc": 616.89,
        "rhoc": 282.92972499999996,
        "Pc": 3534.599027260192,
        "Tt": 225.3,
        "Pt": 0.0031232675556900472,
        "rhot_l": 921.1564936501809,
        "rhot_v": 0.00017701075338932403,
        "P_min": 1e-05,
        "P_max": 200000.0,
        "rho_max": 285.81391484118797,
        "T_min": 225.3,
        "T_max": 700,
        "reference_state_offset": [
            0.0,
            0.0
        ]
    },
    "have_tcx": false,
    "have_st": false,
    "have_visc": false
}