{
    "nl_file": "md2m_expressions_eos.nl",
    "expr_map": [
        0,
        1,
        2,
        3,
        4,
        13,
        5,
        6,
        7,
        8,
        9,
        10,
        12,
        11
    ],
    "var_map": [
        0,
        1,
        1000,
        1000
    ],
    "param": {
        "R": 0.02676166887790672,
        "MW": 310.6854,
        "T_star": 599.4,
        "rho_star": 268.4321856,
        "Tc": 599.4,
        "rhoc": 268.4321856,
        "Pc": 1144.0242849169001,
        "Tt": 205.2,
        "Pt": 3.129330187344752e-07,
        "rhot_l": 943.9106130280576,
        "rhot_v": 5.694758740206137e-08,
        "P_min": 1e-05,
        "P_max": 130000.0,
        "rho_max": 268.4321856,
        "T_min": 205.2,
        "T_max": 600,
        "reference_state_offset": [
            0.0,
            0.0
        ]
    },
    "have_tcx": false,
    "have_st": false,
    "have_visc": false
}