{
    "comp": "md2m",
    "basic": {
        "R": 0.02676166887790672,
        "MW": 310.6854,
        "T_star": 599.4,
        "rho_star": 268.4321856,
        "Tc": 599.4,
        "rhoc": 268.4321856,
        "Pc": 1144.0242963570067,
        "Tt": 205.2,
        "Pt": 3.129330187344752e-07,
        "rhot_l": 943.9106130280576,
        "rhot_v": 5.694758740206137e-08,
        "P_min": 1e-05,
        "P_max": 130000.0,
        "rho_max": 1179.888266285072,
        "T_min": 205.2,
        "T_max": 600
    },
    "eos": {
        "reference": [
            "Thol-JCED-2017-siloxanes"
        ],
        "ideal_terms": [
            {
                "ideal_type": 1,
                "a": [
                    131.089725,
                    -26.3839138
                ]
            },
            {
                "ideal_type": 2,
                "a": 3
            },
            {
                "ideal_type": 3,
                "n": [
                    28.59,
                    56.42,
                    50.12
                ],
                "t": [
                    0.033366700033366704,
                    1.9686353019686353,
                    7.073740407073741
                ]
            }
        ],
        "residual_terms": [
            {
                "residual_type": 1,
                "n": [
                    0.01458333,
                    3.227554,
                    -3.503565,
                    -2.017391,
                    0.8606129
                ],
                "d": [
                    4,
                    1,
                    1,
                    2,
                    3
                ],
                "t": [
                    1.0,
                    0.319,
                    0.829,
                    0.78,
                    0.687
                ]
            },
            {
                "residual_type": 7,
                "n": [
                    -2.196015,
                    -0.9289014,
                    2.02774,
                    -0.9168439,
                    -0.06383507
                ],
                "d": [
                    1,
                    3,
                    2,
                    2,
                    7
                ],
                "t": [
                    1.29,
                    3.91,
                    0.77,
                    3.055,
                    1.013
                ],
                "l": [
                    2,
                    2,
                    1,
                    2,
                    1
                ],
                "g": [
                    1.0,
                    1.0,
                    1.0,
                    1.0,
                    1.0
                ]
            },
            {
                "residual_type": 2,
                "n": [
                    2.674255,
                    0.04662529,
                    -0.3835361,
                    -0.4273462,
                    -1.148009
                ],
                "d": [
                    1,
                    1,
                    3,
                    2,
                    2
                ],
                "t": [
                    1.07,
                    1.89,
                    1.133,
                    0.826,
                    0.83
                ],
                "a": [
                    0.982,
                    2.7,
                    1.347,
                    0.864,
                    1.149
                ],
                "b": [
                    0.7323,
                    0.543,
                    1.26,
                    0.878,
                    2.22
                ],
                "e": [
                    0.874,
                    1.43,
                    0.855,
                    0.815,
                    0.491
                ],
                "g": [
                    1.042,
                    1.1,
                    1.146,
                    1.085,
                    0.6844
                ]
            }
        ]
    },
    "aux": {
        "delta_l_sat_approx": {
            "type": 1,
            "n": {
                "1": 8.215,
                "2": -24.65,
                "3": 47.23,
                "4": -42.44,
                "5": 15.18
            },
            "t": {
                "1": 0.498,
                "2": 0.855,
                "3": 1.22,
                "4": 1.6,
                "5": 2.04
            }
        },
        "delta_v_sat_approx": {
            "type": 2,
            "n": {
                "1": -4.5483,
                "2": -101.989,
                "3": 224.06,
                "4": -182.79,
                "5": -110.45
            },
            "t": {
                "1": 0.428,
                "2": 2.32,
                "3": 2.8,
                "4": 3.3,
                "5": 8.5
            }
        }
    }
}
