{
    "nl_file": "md3m_expressions_eos.nl",
    "expr_map": [
        0,
        1,
        2,
        3,
        4,
        13,
        5,
        6,
        7,
        8,
        9,
        10,
        12,
        11
    ],
    "var_map": [
        0,
        1,
        1000,
        1000
    ],
    "param": {
        "R": 0.021605034313050393,
        "MW": 384.839,
        "T_star": 628.0,
        "rho_star": 269.3873,
        "Tc": 628.0,
        "rhoc": 269.3873,
        "Pc": 953.9503006973731,
        "Tt": 192.0,
        "Pt": 6.144036026149336e-10,
        "rhot_l": 974.7244450326518,
        "rhot_v": 5.295908152122808e-11,
        "P_min": 1e-05,
        "P_max": 125000.0,
        "rho_max": 269.15242748475424,
        "T_min": 192.0,
        "T_max": 673,
        "reference_state_offset": [
            0.0,
            0.0
        ]
    },
    "have_tcx": false,
    "have_st": false,
    "have_visc": false
}