{
    "comp": "md3m",
    "basic": {
        "R": 0.021605034313050393,
        "MW": 384.839,
        "T_star": 628.0,
        "rho_star": 269.3873,
        "Tc": 628.0,
        "rhoc": 269.3873,
        "Pc": 953.9503102368781,
        "Tt": 192.0,
        "Pt": 6.144036026149336e-10,
        "rhot_l": 974.7244450326518,
        "rhot_v": 5.295908152122808e-11,
        "P_min": 1e-05,
        "P_max": 125000.0,
        "rho_max": 1218.4055562908147,
        "T_min": 192.0,
        "T_max": 673
    },
    "eos": {
        "reference": [
            "Thol-FPE-2019-siloxanes"
        ],
        "ideal_terms": [
            {
                "ideal_type": 1,
                "a": [
                    68.11672041661723,
                    -29.80919654255515
                ]
            },
            {
                "ideal_type": 2,
                "a": 3.0
            },
            {
                "ideal_type": 3,
                "n": [
                    81.2386,
                    61.191,
                    51.1798
                ],
                "t": [
                    0.9713375796178344,
                    3.9808917197452227,
                    11.94267515923567
                ]
            }
        ],
        "residual_terms": [
            {
                "residual_type": 1,
                "n": [
                    0.040674325,
                    4.4936509,
                    -6.0327468,
                    -1.0842396,
                    0.65985153
                ],
                "d": [
                    4,
                    1,
                    1,
                    2,
                    3
                ],
                "t": [
                    1.0,
                    0.37,
                    0.718,
                    0.79,
                    0.59
                ]
            },
            {
                "residual_type": 7,
                "n": [
                    -2.3011802,
                    -1.5022099,
                    0.5051725,
                    -2.2363839,
                    -0.071582853
                ],
                "d": [
                    1,
                    3,
                    2,
                    2,
                    7
                ],
                "t": [
                    2.38,
                    3.14,
                    0.62,
                    2.08,
                    1.042
                ],
                "l": [
                    2,
                    2,
                    1,
                    2,
                    1
                ],
                "g": [
                    1.0,
                    1.0,
                    1.0,
                    1.0,
                    1.0
                ]
            },
            {
                "residual_type": 2,
                "n": [
                    4.7053488,
                    -0.774783117,
                    -0.68302991,
                    0.41657104,
                    -1.1441135
                ],
                "d": [
                    1,
                    1,
                    3,
                    2,
                    2
                ],
                "t": [
                    0.9,
                    0.86,
                    2.06,
                    0.55,
                    0.69
                ],
                "a": [
                    1.043,
                    20.0,
                    1.08,
                    0.47,
                    1.085
                ],
                "b": [
                    0.86,
                    1099.0,
                    0.95,
                    0.1,
                    1.85
                ],
                "e": [
                    0.725,
                    0.94,
                    0.546,
                    0.68,
                    0.495
                ],
                "g": [
                    1.357,
                    1.097,
                    1.03,
                    1.02,
                    0.8
                ]
            }
        ]
    },
    "aux": {
        "delta_l_sat_approx": {
            "type": 1,
            "n": {
                "1": 3.326,
                "2": 3.889,
                "3": -2.363,
                "4": -2.709,
                "5": 1.325
            },
            "t": {
                "1": 0.42,
                "2": 1.46,
                "3": 0.9,
                "4": 2.15,
                "5": 3.15
            }
        },
        "delta_v_sat_approx": {
            "type": 3,
            "n": {
                "1": -4.0084,
                "2": -7.913,
                "3": -79.392,
                "4": -28.572,
                "5": -211.86,
                "6": -1800.0
            },
            "t": {
                "1": 0.441,
                "2": 1.244,
                "3": 5.88,
                "4": 3.03,
                "5": 12.7,
                "6": 32.0
            }
        }
    }
}
