{
    "comp": "md4m",
    "basic": {
        "R": 0.018114556709849867,
        "MW": 458.99328,
        "T_star": 653.2,
        "rho_star": 261.6261696,
        "Tc": 653.2,
        "rhoc": 261.6261696,
        "Pc": 828.5587220660766,
        "Tt": 214.15,
        "Pt": 6.91963303276842e-10,
        "rhot_l": 968.9274602494135,
        "rhot_v": 1.5591473573590222e-10,
        "P_min": 1e-05,
        "P_max": 125000.0,
        "rho_max": 1211.159325311767,
        "T_min": 214.15,
        "T_max": 655
    },
    "eos": {
        "reference": [
            "Thol-FPE-2019-siloxanes"
        ],
        "ideal_terms": [
            {
                "ideal_type": 1,
                "a": [
                    88.10187245449355,
                    -39.55376118918867
                ]
            },
            {
                "ideal_type": 2,
                "a": 3.0
            },
            {
                "ideal_type": 3,
                "n": [
                    97.16,
                    69.73,
                    38.43
                ],
                "t": [
                    0.9338640538885487,
                    3.7966932026944273,
                    9.797917942437232
                ]
            }
        ],
        "residual_terms": [
            {
                "residual_type": 1,
                "n": [
                    0.053362183,
                    2.8527871,
                    -3.8108356,
                    -0.95254215,
                    0.44739021
                ],
                "d": [
                    4,
                    1,
                    1,
                    2,
                    3
                ],
                "t": [
                    1.0,
                    0.3,
                    0.68,
                    0.913,
                    0.434
                ]
            },
            {
                "residual_type": 7,
                "n": [
                    -2.5194015,
                    -1.2945338,
                    0.43538523,
                    -0.92015738,
                    -0.054299195
                ],
                "d": [
                    1,
                    3,
                    2,
                    2,
                    7
                ],
                "t": [
                    2.33,
                    2.7,
                    0.61,
                    2.12,
                    1.121
                ],
                "l": [
                    2,
                    2,
                    1,
                    2,
                    1
                ],
                "g": [
                    1.0,
                    1.0,
                    1.0,
                    1.0,
                    1.0
                ]
            },
            {
                "residual_type": 2,
                "n": [
                    4.6112643,
                    -0.7391977,
                    -0.14001997,
                    -1.8085327,
                    -0.58630821
                ],
                "d": [
                    1,
                    3,
                    2,
                    2,
                    1
                ],
                "t": [
                    1.13,
                    2.55,
                    2.59,
                    1.07,
                    0.7
                ],
                "a": [
                    0.81,
                    0.892,
                    0.82,
                    0.847,
                    17.3
                ],
                "b": [
                    0.526,
                    0.72,
                    0.056,
                    1.3,
                    700.0
                ],
                "e": [
                    0.977,
                    0.65,
                    1.06,
                    0.659,
                    0.92
                ],
                "g": [
                    1.34,
                    1.19,
                    1.68,
                    0.86,
                    1.108
                ]
            }
        ]
    },
    "aux": {
        "delta_l_sat_approx": {
            "type": 1,
            "n": {
                "1": -0.034315,
                "2": 4.0324,
                "3": -2.798,
                "4": 2.245,
                "5": 0.41085
            },
            "t": {
                "1": 0.14,
                "2": 0.45,
                "3": 0.84,
                "4": 1.28,
                "5": 7.92
            }
        },
        "delta_v_sat_approx": {
            "type": 2,
            "n": {
                "1": -3.316,
                "2": -8.324,
                "3": -184.27,
                "4": 350.11,
                "5": -287.08,
                "6": -267.25
            },
            "t": {
                "1": 0.432,
                "2": 1.085,
                "3": 3.78,
                "4": 4.42,
                "5": 5.1,
                "6": 13.0
            }
        }
    }
}
