{
    "nl_file": "md4m_expressions_eos.nl",
    "expr_map": [
        0,
        1,
        2,
        3,
        4,
        13,
        5,
        6,
        7,
        8,
        9,
        10,
        12,
        11
    ],
    "var_map": [
        0,
        1,
        1000,
        1000
    ],
    "param": {
        "R": 0.018114556709849867,
        "MW": 458.99328,
        "T_star": 653.2,
        "rho_star": 261.6261696,
        "Tc": 653.2,
        "rhoc": 261.6261696,
        "Pc": 828.5587137804907,
        "Tt": 214.15,
        "Pt": 6.91963303276842e-10,
        "rhot_l": 968.9274602494135,
        "rhot_v": 1.5591473573590222e-10,
        "P_min": 1e-05,
        "P_max": 125000.0,
        "rho_max": 261.6261696,
        "T_min": 214.15,
        "T_max": 655,
        "reference_state_offset": [
            0.0,
            0.0
        ]
    },
    "have_tcx": false,
    "have_st": false,
    "have_visc": false
}