{
    "comp": "mdm",
    "basic": {
        "R": 0.03515161196738903,
        "MW": 236.53146,
        "T_star": 565.3609,
        "rho_star": 268.22667564,
        "Tc": 565.3609,
        "rhoc": 268.22667564,
        "Pc": 1437.5377551312035,
        "Tt": 187.2,
        "Pt": 1.0820636776824138e-06,
        "rhot_l": 924.1760399417075,
        "rhot_v": 1.6435892778286567e-07,
        "P_min": 1e-05,
        "P_max": 130000.0,
        "rho_max": 1155.2200499271344,
        "T_min": 187.2,
        "T_max": 575.0
    },
    "eos": {
        "reference": [
            "Thol-JCED-2017-siloxanes"
        ],
        "ideal_terms": [
            {
                "ideal_type": 1,
                "a": [
                    117.9946064218,
                    -19.6600754238
                ]
            },
            {
                "ideal_type": 2,
                "a": 3
            },
            {
                "ideal_type": 3,
                "n": [
                    28.817,
                    46.951,
                    31.054
                ],
                "t": [
                    0.0353756335,
                    2.7769872306,
                    8.3132738751
                ]
            }
        ],
        "residual_terms": [
            {
                "residual_type": 1,
                "n": [
                    0.05039724,
                    1.189992,
                    -2.468723,
                    -0.743856,
                    0.4434056
                ],
                "d": [
                    4.0,
                    1.0,
                    1.0,
                    2.0,
                    3.0
                ],
                "t": [
                    1.0,
                    0.188,
                    1.03,
                    0.7,
                    0.464
                ]
            },
            {
                "residual_type": 7,
                "n": [
                    -1.371359,
                    -1.529621,
                    0.4445898,
                    -1.009921,
                    -0.05903694
                ],
                "d": [
                    1.0,
                    3.0,
                    2.0,
                    2.0,
                    7.0
                ],
                "t": [
                    2.105,
                    1.376,
                    0.8,
                    1.8,
                    1.005
                ],
                "l": [
                    2.0,
                    2.0,
                    1.0,
                    2.0,
                    1.0
                ],
                "g": [
                    1.0,
                    1.0,
                    1.0,
                    1.0,
                    1.0
                ]
            },
            {
                "residual_type": 2,
                "n": [
                    3.515188,
                    0.08367608,
                    1.646856,
                    -0.2851917,
                    -2.457571
                ],
                "d": [
                    1.0,
                    1.0,
                    3.0,
                    2.0,
                    2.0
                ],
                "t": [
                    0.7,
                    0.66,
                    1.138,
                    1.56,
                    1.31
                ],
                "a": [
                    0.986,
                    1.715,
                    0.837,
                    1.312,
                    1.191
                ],
                "b": [
                    0.966,
                    0.237,
                    0.954,
                    0.861,
                    0.909
                ],
                "e": [
                    0.928,
                    2.081,
                    0.282,
                    1.496,
                    0.805
                ],
                "g": [
                    1.25,
                    1.438,
                    0.894,
                    0.9,
                    0.899
                ]
            }
        ]
    },
    "aux": {
        "delta_l_sat_approx": {
            "type": 1,
            "n": {
                "1": -11.661808432707899,
                "2": 39.326450130867855,
                "3": -29.207152495378672,
                "4": 4.307541571000037,
                "5": 0.47384355752796403,
                "6": 0.16238276893489217
            },
            "t": {
                "1": 0.063,
                "2": 0.099,
                "3": 0.124,
                "4": 0.3635,
                "5": 1.8333333333333333,
                "6": 5.5
            }
        },
        "delta_v_sat_approx": {
            "type": 3,
            "n": {
                "1": -0.3270142417758467,
                "2": 294.60929696654046,
                "3": -298.8182684075387,
                "4": -4.063925036934722,
                "5": 2.5914174030569055,
                "6": -9.077277840392275
            },
            "t": {
                "1": 0.078,
                "2": 0.3605,
                "3": 0.3625,
                "4": 1.6666666666666667,
                "5": 2.3333333333333335,
                "6": 3.5
            }
        }
    }
}
