{
    "nl_file": "mdm_expressions_eos.nl",
    "expr_map": [
        0,
        1,
        2,
        3,
        4,
        13,
        5,
        6,
        7,
        8,
        9,
        10,
        12,
        11
    ],
    "var_map": [
        0,
        1,
        1000,
        1000
    ],
    "param": {
        "R": 0.03515161196738903,
        "MW": 236.53146,
        "T_star": 565.3609,
        "rho_star": 268.22667564,
        "Tc": 565.3609,
        "rhoc": 268.22667564,
        "Pc": 1437.537740755822,
        "Tt": 187.2,
        "Pt": 1.0820636776824138e-06,
        "rhot_l": 924.1760399417075,
        "rhot_v": 1.6435892778286567e-07,
        "P_min": 1e-05,
        "P_max": 130000.0,
        "rho_max": 268.22667564,
        "T_min": 187.2,
        "T_max": 575.0,
        "reference_state_offset": [
            0.0,
            0.0
        ]
    },
    "have_tcx": false,
    "have_st": false,
    "have_visc": false
}