{
    "nl_file": "methane_expressions_eos.nl",
    "expr_map": [
        0,
        1,
        2,
        3,
        4,
        13,
        5,
        6,
        7,
        8,
        9,
        10,
        12,
        11
    ],
    "var_map": [
        0,
        1,
        1000,
        1000
    ],
    "param": {
        "R": 0.5182705014087317,
        "MW": 16.0428,
        "T_star": 190.564,
        "rho_star": 162.6600026784,
        "Tc": 190.564,
        "rhoc": 162.6600026784,
        "Pc": 4599.200043361663,
        "Tt": 90.6941,
        "Pt": 11.696064114962216,
        "rhot_l": 451.47511063567254,
        "rhot_v": 0.25074406291319923,
        "P_min": 1e-05,
        "P_max": 1000000.0,
        "rho_max": 163.29201826371533,
        "T_min": 90.6941,
        "T_max": 625,
        "reference_state_offset": [
            0.0,
            0.0
        ]
    },
    "have_tcx": false,
    "have_st": false,
    "have_visc": false
}