{
    "comp": "methane",
    "basic": {
        "R": 0.5182705014087317,
        "MW": 16.0428,
        "T_star": 190.564,
        "rho_star": 162.6600026784,
        "Tc": 190.564,
        "rhoc": 162.6600026784,
        "Pc": 4599.2,
        "Tt": 90.6941,
        "Pt": 11.696064114962216,
        "rhot_l": 451.47511063567254,
        "rhot_v": 0.25074406291319923,
        "P_min": 1e-05,
        "P_max": 1000000.0,
        "rho_max": 564.3438882945907,
        "T_min": 90.6941,
        "T_max": 625
    },
    "eos": {
        "reference": [
            "Setzmann-JPCRD-1991"
        ],
        "ideal_terms": [
            {
                "ideal_type": 1,
                "a": [
                    9.91243972,
                    -6.33270087
                ]
            },
            {
                "ideal_type": 2,
                "a": 3.0016
            },
            {
                "ideal_type": 5,
                "n": [
                    0.008449,
                    4.6942,
                    3.4865,
                    1.6572,
                    1.4115
                ],
                "t": [
                    648,
                    1957,
                    3895,
                    5705,
                    15080
                ]
            },
            {
                "ideal_type": 8,
                "a": [
                    -12.8829893867948,
                    9.22344625310864
                ]
            }
        ],
        "residual_terms": [
            {
                "residual_type": 1,
                "n": [
                    0.04367901028,
                    0.6709236199,
                    -1.765577859,
                    0.8582330241,
                    -1.206513052,
                    0.512046722,
                    -0.0004000010791,
                    -0.01247842423,
                    0.03100269701,
                    0.001754748522,
                    -3.171921605e-06,
                    -2.24034684e-06,
                    2.947056156e-07
                ],
                "d": [
                    1,
                    1,
                    1,
                    2,
                    2,
                    2,
                    2,
                    3,
                    4,
                    4,
                    8,
                    9,
                    10
                ],
                "t": [
                    -0.5,
                    0.5,
                    1,
                    0.5,
                    1,
                    1.5,
                    4.5,
                    0,
                    1,
                    3,
                    1,
                    3,
                    3
                ]
            },
            {
                "residual_type": 7,
                "n": [
                    0.1830487909,
                    0.1511883679,
                    -0.4289363877,
                    0.06894002446,
                    -0.01408313996,
                    -0.0306305483,
                    -0.02969906708,
                    -0.01932040831,
                    -0.1105739959,
                    0.09952548995,
                    0.008548437825,
                    -0.06150555662,
                    -0.04291792423,
                    -0.0181320729,
                    0.0344590476,
                    -0.00238591945,
                    -0.01159094939,
                    0.06641693602,
                    -0.0237154959,
                    -0.03961624905,
                    -0.01387292044,
                    0.03389489599,
                    -0.002927378753
                ],
                "d": [
                    1,
                    1,
                    1,
                    2,
                    4,
                    5,
                    6,
                    1,
                    2,
                    3,
                    4,
                    4,
                    3,
                    5,
                    5,
                    8,
                    2,
                    3,
                    4,
                    4,
                    4,
                    5,
                    6
                ],
                "t": [
                    0,
                    1,
                    2,
                    0,
                    0,
                    2,
                    2,
                    5,
                    5,
                    5,
                    2,
                    4,
                    12,
                    8,
                    10,
                    10,
                    10,
                    14,
                    12,
                    18,
                    22,
                    18,
                    14
                ],
                "l": [
                    1,
                    1,
                    1,
                    1,
                    1,
                    1,
                    1,
                    2,
                    2,
                    2,
                    2,
                    2,
                    3,
                    3,
                    3,
                    3,
                    4,
                    4,
                    4,
                    4,
                    4,
                    4,
                    4
                ],
                "g": [
                    1.0,
                    1.0,
                    1.0,
                    1.0,
                    1.0,
                    1.0,
                    1.0,
                    1.0,
                    1.0,
                    1.0,
                    1.0,
                    1.0,
                    1.0,
                    1.0,
                    1.0,
                    1.0,
                    1.0,
                    1.0,
                    1.0,
                    1.0,
                    1.0,
                    1.0,
                    1.0
                ]
            },
            {
                "residual_type": 2,
                "n": [
                    9.324799946e-05,
                    -6.287171518,
                    12.71069467,
                    -6.423953466
                ],
                "d": [
                    2,
                    0,
                    0,
                    0
                ],
                "t": [
                    2,
                    0,
                    1,
                    2
                ],
                "a": [
                    20,
                    40,
                    40,
                    40
                ],
                "b": [
                    200,
                    250,
                    250,
                    250
                ],
                "e": [
                    1,
                    1,
                    1,
                    1
                ],
                "g": [
                    1.07,
                    1.11,
                    1.11,
                    1.11
                ]
            }
        ]
    },
    "aux": {
        "delta_l_sat_approx": {
            "type": 1,
            "n": {
                "1": 1.0459450372370667,
                "2": 1.137482950365497,
                "3": 0.25267850508364803,
                "4": -0.15127345979918666,
                "5": 11.30484305385285,
                "6": -1807.5949062134612
            },
            "t": {
                "1": 0.309,
                "2": 0.502,
                "3": 1.402,
                "4": 3.858,
                "5": 10.533,
                "6": 19.547
            }
        },
        "delta_v_sat_approx": {
            "type": 3,
            "n": {
                "1": -3.258091004501641,
                "2": 24.278993697870174,
                "3": -25.256402428812585,
                "4": -0.17494067187770526,
                "5": 0.3375209723239743,