{
    "nl_file": "mm_expressions_eos.nl",
    "expr_map": [
        0,
        1,
        2,
        3,
        4,
        13,
        5,
        6,
        7,
        8,
        9,
        10,
        12,
        11
    ],
    "var_map": [
        0,
        1,
        1000,
        1000
    ],
    "param": {
        "R": 0.051204514639711214,
        "MW": 162.37752,
        "T_star": 518.7,
        "rho_star": 268.41004055999997,
        "Tc": 518.7,
        "rhoc": 268.41004055999997,
        "Pc": 1931.1304645597245,
        "Tt": 204.93,
        "Pt": 0.0029537701302689663,
        "rhot_l": 855.1047160891818,
        "rhot_v": 0.0002814963808761264,
        "P_min": 1e-05,
        "P_max": 30000.0,
        "rho_max": 312.5061350765355,
        "T_min": 204.93,
        "T_max": 673,
        "reference_state_offset": [
            0.0,
            0.0
        ]
    },
    "have_tcx": false,
    "have_st": false,
    "have_visc": false
}