{
    "comp": "n-decane",
    "basic": {
        "R": 0.0584367010566645,
        "MW": 142.28168,
        "T_star": 617.7,
        "rho_star": 233.3419552,
        "Tc": 617.7,
        "rhoc": 233.3419552,
        "Pc": 2103.0,
        "Tt": 243.5,
        "Pt": 0.0014041839024219944,
        "rhot_l": 769.2340801915723,
        "rhot_v": 9.868353598178035e-05,
        "P_min": 1e-05,
        "P_max": 800000.0,
        "rho_max": 961.5426002394654,
        "T_min": 243.5,
        "T_max": 675
    },
    "eos": {
        "reference": [
            "Lemmon-JCED-2006"
        ],
        "ideal_terms": [
            {
                "ideal_type": 1,
                "a": [
                    13.9361966549,
                    -10.5265128286
                ]
            },
            {
                "ideal_type": 2,
                "a": 18.109
            },
            {
                "ideal_type": 3,
                "n": [
                    25.685,
                    28.233,
                    12.417,
                    10.035
                ],
                "t": [
                    1.931358264529707,
                    3.46446495062328,
                    7.710862878419944,
                    17.58458798769629
                ]
            }
        ],
        "residual_terms": [
            {
                "residual_type": 1,
                "n": [
                    1.0461,
                    -2.4807,
                    0.74372,
                    -0.52579,
                    0.15315,
                    0.00032865
                ],
                "d": [
                    1,
                    1,
                    1,
                    2,
                    3,
                    7
                ],
                "t": [
                    0.25,
                    1.125,
                    1.5,
                    1.375,
                    0.25,
                    0.875
                ]
            },
            {
                "residual_type": 7,
                "n": [
                    0.84178,
                    0.055424,
                    -0.73555,
                    -0.18507,
                    -0.020775,
                    0.012335
                ],
                "d": [
                    2,
                    5,
                    1,
                    4,
                    3,
                    4
                ],
                "t": [
                    0.625,
                    1.75,
                    3.625,
                    3.625,
                    14.5,
                    12
                ],
                "l": [
                    1,
                    1,
                    2,
                    2,
                    3,
                    3
                ],
                "g": [
                    1.0,
                    1.0,
                    1.0,
                    1.0,
                    1.0,
                    1.0
                ]
            }
        ]
    },
    "aux": {
        "delta_l_sat_approx": {
            "type": 1,
            "n": {
                "1": 4.827666872341155,
                "2": -3.7319669690993447,
                "3": 1.9076750287466657,
                "4": 0.16459343086669795,
                "5": 1666.7748855066088,
                "6": -2460.441820959505
            },
            "t": {
                "1": 0.49,
                "2": 0.778,
                "3": 1.234,
                "4": 5.192,
                "5": 18.677,
                "6": 19.549
            }
        },
        "delta_v_sat_approx": {
            "type": 3,
            "n": {
                "1": 0.14176862633564324,
                "2": -4.281435009034745,
                "3": -7.136194974307151,
                "4": 6.849154519985906,
                "5": -3.913871220272946,
                "6": -5.556483531473428
            },
            "t": {
                "1": 0.219,
                "2": 0.452,
                "3": 1.016,
                "4": 1.126,
                "5": 2.035,
                "6": 4.148
            }
        }
    }
}
