{
    "nl_file": "n-decane_expressions_eos.nl",
    "expr_map": [
        0,
        1,
        2,
        3,
        4,
        13,
        5,
        6,
        7,
        8,
        9,
        10,
        12,
        11
    ],
    "var_map": [
        0,
        1,
        1000,
        1000
    ],
    "param": {
        "R": 0.0584367010566645,
        "MW": 142.28168,
        "T_star": 617.7,
        "rho_star": 233.3419552,
        "Tc": 617.7,
        "rhoc": 233.3419552,
        "Pc": 2101.369960702829,
        "Tt": 243.5,
        "Pt": 0.0014041839024219944,
        "rhot_l": 769.2340801915723,
        "rhot_v": 9.868353598178035e-05,
        "P_min": 1e-05,
        "P_max": 800000.0,
        "rho_max": 237.2391063101825,
        "T_min": 243.5,
        "T_max": 675,
        "reference_state_offset": [
            0.0,
            0.0
        ]
    },
    "have_tcx": false,
    "have_st": false,
    "have_visc": false
}