{
    "nl_file": "n-dodecane_expressions_eos.nl",
    "expr_map": [
        0,
        1,
        2,
        3,
        4,
        13,
        5,
        6,
        7,
        8,
        9,
        10,
        12,
        11
    ],
    "var_map": [
        0,
        1,
        1000,
        1000
    ],
    "param": {
        "R": 0.048812515396145624,
        "MW": 170.33483999999999,
        "T_star": 658.1,
        "rho_star": 226.54533719999998,
        "Tc": 658.1,
        "rhoc": 226.54533719999998,
        "Pc": 1817.5688639273728,
        "Tt": 263.6,
        "Pt": 0.00062621086350047,
        "rhot_l": 771.4714228905195,
        "rhot_v": 4.86683207115834e-05,
        "P_min": 1e-05,
        "P_max": 200000.0,
        "rho_max": 239.9497306169499,
        "T_min": 263.6,
        "T_max": 700,
        "reference_state_offset": [
            0.0,
            0.0
        ]
    },
    "have_tcx": false,
    "have_st": false,
    "have_visc": false
}