{
    "comp": "n-hexane",
    "basic": {
        "R": 0.09648302948777934,
        "MW": 86.17536,
        "T_star": 507.82,
        "rho_star": 233.19052415999997,
        "Tc": 507.82,
        "rhoc": 233.19052415999997,
        "Pc": 3044.115328359688,
        "Tt": 177.83,
        "Pt": 0.0011889790696279698,
        "rhot_l": 758.4771099686104,
        "rhot_v": 6.929792990760355e-05,
        "P_min": 1e-05,
        "P_max": 92000.0,
        "rho_max": 948.096387460763,
        "T_min": 177.83,
        "T_max": 600
    },
    "eos": {
        "reference": [
            "Thol-FPE-2019-alkanes-hexane"
        ],
        "ideal_terms": [
            {
                "ideal_type": 1,
                "a": [
                    12.313791358169851,
                    -1.3163412546284243
                ]
            },
            {
                "ideal_type": 2,
                "a": 3
            },
            {
                "ideal_type": 3,
                "n": [
                    9.21,
                    6.04,
                    25.3,
                    10.96
                ],
                "t": [
                    0.3741483202709622,
                    5.9076050569099285,
                    2.9538025284549643,
                    8.861407585364892
                ]
            }
        ],
        "residual_terms": [
            {
                "residual_type": 1,
                "n": [
                    0.0446249,
                    1.740621,
                    -2.050688,
                    -0.7724346,
                    0.2116422
                ],
                "d": [
                    4,
                    1,
                    1,
                    2,
                    3
                ],
                "t": [
                    1.0,
                    0.303,
                    0.845,
                    1.055,
                    0.523
                ]
            },
            {
                "residual_type": 7,
                "n": [
                    -3.187864,
                    -1.134719,
                    0.6817086,
                    -1.111314,
                    -0.02377251
                ],
                "d": [
                    1,
                    3,
                    2,
                    2,
                    7
                ],
                "t": [
                    1.48,
                    2.06,
                    1.19,
                    1.883,
                    0.98
                ],
                "l": [
                    2,
                    2,
                    1,
                    2,
                    1
                ],
                "g": [
                    1.0,
                    1.0,
                    1.0,
                    1.0,
                    1.0
                ]
            },
            {
                "residual_type": 2,
                "n": [
                    3.744662,
                    -0.4322223,
                    -0.8054799,
                    -1.055577,
                    -0.02932639
                ],
                "d": [
                    1,
                    3,
                    2,
                    2,
                    1
                ],
                "t": [
                    0.94,
                    1.47,
                    1.11,
                    0.895,
                    1.73
                ],
                "a": [
                    0.864,
                    1.094,
                    0.751,
                    1.062,
                    6.6
                ],
                "b": [
                    0.7,
                    0.52,
                    0.69,
                    0.88,
                    180.0
                ],
                "e": [
                    0.767,
                    0.707,
                    0.692,
                    0.46,
                    0.92
                ],
                "g": [
                    1.21,
                    1.13,
                    1.0,
                    0.82,
                    1.14
                ]
            }
        ]
    },
    "aux": {
        "delta_l_sat_approx": {
            "type": 1,
            "n": {
                "1": 2.302,
                "2": 0.3493,
                "3": 0.9563,
                "4": -1.543,
                "5": 1.0452
            },
            "t": {
                "1": 0.373,
                "2": 1.068,
                "3": 3.993,
                "4": 5.36,
                "5": 6.87
            }
        },
        "delta_v_sat_approx": {
            "type": 2,
            "n": {
                "1": -3.4056,
                "2": -7.5474,
                "3": -22.828,
                "4": -57.063,
                "5": -125.0,
                "6": -265.5
            },
            "t": {
                "1": 0.419,
                "2": 1.355,
                "3": 3.473,
                "4": 7.1,
                "5": 15.0,
                "6": 30.0
            }
        }
    }
}
