{
    "nl_file": "n-hexane_expressions_eos.nl",
    "expr_map": [
        0,
        1,
        2,
        3,
        4,
        13,
        5,
        6,
        7,
        8,
        9,
        10,
        12,
        11
    ],
    "var_map": [
        0,
        1,
        1000,
        1000
    ],
    "param": {
        "R": 0.09648302948777934,
        "MW": 86.17536,
        "T_star": 507.82,
        "rho_star": 233.19052415999997,
        "Tc": 507.82,
        "rhoc": 233.19052415999997,
        "Pc": 3044.115297918533,
        "Tt": 177.83,
        "Pt": 0.0011889790696279698,
        "rhot_l": 758.4771099686104,
        "rhot_v": 6.929792990760355e-05,
        "P_min": 1e-05,
        "P_max": 92000.0,
        "rho_max": 233.19052415999997,
        "T_min": 177.83,
        "T_max": 600,
        "reference_state_offset": [
            0.0,
            0.0
        ]
    },
    "have_tcx": false,
    "have_st": false,
    "have_visc": false
}