{
    "nl_file": "n-nonane_expressions_eos.nl",
    "expr_map": [
        0,
        1,
        2,
        3,
        4,
        13,
        5,
        6,
        7,
        8,
        9,
        10,
        12,
        11
    ],
    "var_map": [
        0,
        1,
        1000,
        1000
    ],
    "param": {
        "R": 0.06482761309296863,
        "MW": 128.2551,
        "T_star": 594.55,
        "rho_star": 232.14173100000002,
        "Tc": 594.55,
        "rhoc": 232.14173100000002,
        "Pc": 2281.980206045836,
        "Tt": 219.7,
        "Pt": 0.0004444853476665013,
        "rhot_l": 776.1942538066595,
        "rhot_v": 3.120828806322369e-05,
        "P_min": 1e-05,
        "P_max": 800000.0,
        "rho_max": 238.59712364833646,
        "T_min": 219.7,
        "T_max": 600,
        "reference_state_offset": [
            0.0,
            0.0
        ]
    },
    "have_tcx": false,
    "have_st": false,
    "have_visc": false
}