{
    "comp": "n-nonane",
    "basic": {
        "R": 0.06482761309296863,
        "MW": 128.2551,
        "T_star": 594.55,
        "rho_star": 232.14173100000002,
        "Tc": 594.55,
        "rhoc": 232.14173100000002,
        "Pc": 2281.0,
        "Tt": 219.7,
        "Pt": 0.0004444853476665013,
        "rhot_l": 776.1942538066595,
        "rhot_v": 3.120828806322369e-05,
        "P_min": 1e-05,
        "P_max": 800000.0,
        "rho_max": 970.2428172583244,
        "T_min": 219.7,
        "T_max": 600
    },
    "eos": {
        "reference": [
            "Lemmon-JCED-2006"
        ],
        "ideal_terms": [
            {
                "ideal_type": 1,
                "a": [
                    10.7927224829,
                    -8.2418318753
                ]
            },
            {
                "ideal_type": 2,
                "a": 16.349
            },
            {
                "ideal_type": 3,
                "n": [
                    24.926,
                    24.842,
                    11.188,
                    17.483
                ],
                "t": [
                    2.053654024051804,
                    3.774283071230343,
                    8.423177192834919,
                    19.71911529728366
                ]
            }
        ],
        "residual_terms": [
            {
                "residual_type": 1,
                "n": [
                    1.1151,
                    -2.702,
                    0.83416,
                    -0.38828,
                    0.1376,
                    0.00028185
                ],
                "d": [
                    1,
                    1,
                    1,
                    2,
                    3,
                    7
                ],
                "t": [
                    0.25,
                    1.125,
                    1.5,
                    1.375,
                    0.25,
                    0.875
                ]
            },
            {
                "residual_type": 7,
                "n": [
                    0.62037,
                    0.015847,
                    -0.61726,
                    -0.15043,
                    -0.012982,
                    0.0044325
                ],
                "d": [
                    2,
                    5,
                    1,
                    4,
                    3,
                    4
                ],
                "t": [
                    0.625,
                    1.75,
                    3.625,
                    3.625,
                    14.5,
                    12
                ],
                "l": [
                    1,
                    1,
                    2,
                    2,
                    3,
                    3
                ],
                "g": [
                    1.0,
                    1.0,
                    1.0,
                    1.0,
                    1.0,
                    1.0
                ]
            }
        ]
    },
    "aux": {
        "delta_l_sat_approx": {
            "type": 1,
            "n": {
                "1": -23.198712622058476,
                "2": 402.39535606636224,
                "3": -525.0132880466338,
                "4": 158.57173971120517,
                "5": -19.07334776671177,
                "6": 9.495727034290677
            },
            "t": {
                "1": 0.587,
                "2": 0.686,
                "3": 0.729,
                "4": 0.846,
                "5": 1.5,
                "6": 1.824
            }
        },
        "delta_v_sat_approx": {
            "type": 3,
            "n": {
                "1": -5.1536130968369545,
                "2": 2.1332285795020645,
                "3": -3.593065172775762,
                "4": -5.8548285122141905,
                "5": -4.752281189935403,
                "6": 67.88348941881152
            },
            "t": {
                "1": 0.501,
                "2": 1.115,
                "3": 1.413,
                "4": 3.576,
                "5": 9.883,
                "6": 18.14
            }
        }
    }
}
