{
    "comp": "n-octane",
    "basic": {
        "R": 0.07278764411839375,
        "MW": 114.229,
        "T_star": 568.74,
        "rho_star": 231.999099,
        "Tc": 568.74,
        "rhoc": 231.999099,
        "Pc": 2483.591199677694,
        "Tt": 216.37,
        "Pt": 0.0020745859950296133,
        "rhot_l": 763.3143499829043,
        "rhot_v": 0.00013172893964870545,
        "P_min": 1e-05,
        "P_max": 1000000.0,
        "rho_max": 954.1429374786304,
        "T_min": 216.37,
        "T_max": 730
    },
    "eos": {
        "reference": [
            "Beckmueller-IJT-2019-octane"
        ],
        "ideal_terms": [
            {
                "ideal_type": 1,
                "a": [
                    16.93282558002394,
                    -4.06060393716559
                ]
            },
            {
                "ideal_type": 2,
                "a": 3
            },
            {
                "ideal_type": 3,
                "n": [
                    17.47,
                    33.25,
                    15.63
                ],
                "t": [
                    0.6681436157119246,
                    3.031262088124626,
                    6.8238562436262615
                ]
            }
        ],
        "residual_terms": [
            {
                "residual_type": 1,
                "n": [
                    0.042240369,
                    1.4800888,
                    -2.0975357,
                    -0.72303256,
                    0.26084383
                ],
                "d": [
                    4,
                    1,
                    1,
                    2,
                    3
                ],
                "t": [
                    1.0,
                    0.243,
                    0.856,
                    1.07,
                    0.52
                ]
            },
            {
                "residual_type": 7,
                "n": [
                    -1.6713762,
                    -1.3023632,
                    0.67710461,
                    -1.1644509,
                    -0.030939987
                ],
                "d": [
                    1,
                    3,
                    2,
                    2,
                    7
                ],
                "t": [
                    2.3,
                    2.55,
                    1.075,
                    2.24,
                    0.951
                ],
                "l": [
                    2,
                    2,
                    1,
                    2,
                    1
                ],
                "g": [
                    1.0,
                    1.0,
                    1.0,
                    1.0,
                    1.0
                ]
            },
            {
                "residual_type": 2,
                "n": [
                    3.1437871,
                    -0.011637891,
                    -0.95649696,
                    -0.36897912
                ],
                "d": [
                    1,
                    1,
                    3,
                    2
                ],
                "t": [
                    0.59,
                    0.917,
                    1.05,
                    1.634
                ],
                "a": [
                    0.985,
                    13.6,
                    1.03,
                    1.084
                ],
                "b": [
                    1.52,
                    998.0,
                    1.57,
                    1.44
                ],
                "e": [
                    0.989,
                    0.986,
                    0.532,
                    1.16
                ],
                "g": [
                    1.448,
                    1.08,
                    1.185,
                    1.3
                ]
            }
        ]
    },
    "aux": {
        "delta_l_sat_approx": {
            "type": 1,
            "n": {
                "1": 2.2946,
                "2": 2.6596,
                "3": -8.4135,
                "4": 14.251,
                "5": -11.59,
                "6": 4.0217
            },
            "t": {
                "1": 0.358,
                "2": 1.568,
                "3": 2.3,
                "4": 3.0,
                "5": 3.815,
                "6": 4.78
            }
        },
        "delta_v_sat_approx": {
            "type": 3,
            "n": {
                "1": -3.18016,
                "2": -7.70809,
                "3": -24.2673,
                "4": -59.814,
                "5": -138.757,
                "6": -487.182
            },
            "t": {
                "1": 0.394,
                "2": 1.249,
                "3": 3.32,
                "4": 6.715,
                "5": 14.2,
                "6": 31.1
            }
        }
    }
}
