{
    "nl_file": "n-octane_expressions_eos.nl",
    "expr_map": [
        0,
        1,
        2,
        3,
        4,
        13,
        5,
        6,
        7,
        8,
        9,
        10,
        12,
        11
    ],
    "var_map": [
        0,
        1,
        1000,
        1000
    ],
    "param": {
        "R": 0.07278764411839375,
        "MW": 114.229,
        "T_star": 568.74,
        "rho_star": 231.999099,
        "Tc": 568.74,
        "rhoc": 231.999099,
        "Pc": 2483.591174841775,
        "Tt": 216.37,
        "Pt": 0.0020745859950296133,
        "rhot_l": 763.3143499829043,
        "rhot_v": 0.00013172893964870545,
        "P_min": 1e-05,
        "P_max": 1000000.0,
        "rho_max": 231.999099,
        "T_min": 216.37,
        "T_max": 730,
        "reference_state_offset": [
            0.0,
            0.0
        ]
    },
    "have_tcx": false,
    "have_st": false,
    "have_visc": false
}