{
    "nl_file": "n-pentane_expressions_eos.nl",
    "expr_map": [
        0,
        1,
        2,
        3,
        4,
        13,
        5,
        6,
        7,
        8,
        9,
        10,
        12,
        11
    ],
    "var_map": [
        0,
        1,
        1000,
        1000
    ],
    "param": {
        "R": 0.11524047669274519,
        "MW": 72.14878,
        "T_star": 469.7,
        "rho_star": 231.5975838,
        "Tc": 469.7,
        "rhoc": 231.5975838,
        "Pc": 3367.5189567139314,
        "Tt": 143.47,
        "Pt": 7.802807327356371e-05,
        "rhot_l": 763.6484177794276,
        "rhot_v": 4.719371740997213e-06,
        "P_min": 1e-05,
        "P_max": 780000.0,
        "rho_max": 231.5975838,
        "T_min": 143.47,
        "T_max": 650,
        "reference_state_offset": [
            0.0,
            0.0
        ]
    },
    "have_tcx": false,
    "have_st": false,
    "have_visc": false
}