{
    "comp": "n-pentane",
    "basic": {
        "R": 0.11524047669274519,
        "MW": 72.14878,
        "T_star": 469.7,
        "rho_star": 231.5975838,
        "Tc": 469.7,
        "rhoc": 231.5975838,
        "Pc": 3367.518990389116,
        "Tt": 143.47,
        "Pt": 7.802807327356371e-05,
        "rhot_l": 763.6484177794276,
        "rhot_v": 4.719371740997213e-06,
        "P_min": 1e-05,
        "P_max": 780000.0,
        "rho_max": 954.5605222242846,
        "T_min": 143.47,
        "T_max": 650
    },
    "eos": {
        "reference": [
            "Thol-FPE-2019-alkanes-pentane"
        ],
        "ideal_terms": [
            {
                "ideal_type": 1,
                "a": [
                    8.509252832282648,
                    0.06430584062033375
                ]
            },
            {
                "ideal_type": 2,
                "a": 3
            },
            {
                "ideal_type": 3,
                "n": [
                    6.618,
                    15.97,
                    15.29
                ],
                "t": [
                    0.3278688524590164,
                    2.8188205237385566,
                    5.607834788162657
                ]
            }
        ],
        "residual_terms": [
            {
                "residual_type": 1,
                "n": [
                    0.042952795,
                    2.4923999,
                    -2.603872,
                    -0.83829913,
                    0.19223378
                ],
                "d": [
                    4,
                    1,
                    1,
                    2,
                    3
                ],
                "t": [
                    1.0,
                    0.367,
                    0.704,
                    1.04,
                    0.494
                ]
            },
            {
                "residual_type": 7,
                "n": [
                    -3.0778196,
                    -0.000324816,
                    -1.6781976,
                    0.6416425,
                    -1.7300934,
                    -0.017585046
                ],
                "d": [
                    1,
                    1,
                    3,
                    2,
                    2,
                    7
                ],
                "t": [
                    1.34,
                    0.688,
                    1.688,
                    0.88,
                    1.357,
                    1.021
                ],
                "l": [
                    2,
                    3,
                    2,
                    1,
                    2,
                    1
                ],
                "g": [
                    1.0,
                    1.0,
                    1.0,
                    1.0,
                    1.0,
                    1.0
                ]
            },
            {
                "residual_type": 2,
                "n": [
                    4.5708883,
                    -0.0758188,
                    -0.62122633,
                    -0.42413043,
                    -2.0418443
                ],
                "d": [
                    1,
                    1,
                    3,
                    2,
                    2
                ],
                "t": [
                    0.979,
                    2.966,
                    1.35,
                    0.664,
                    0.937
                ],
                "a": [
                    1.01,
                    4.77,
                    1.13,
                    1.08,
                    1.12
                ],
                "b": [
                    0.583,
                    31.6,
                    0.52,
                    0.654,
                    0.75
                ],
                "e": [
                    0.927,
                    0.968,
                    0.735,
                    1.196,
                    0.617
                ],
                "g": [
                    1.06,
                    1.37,
                    1.09,
                    1.19,
                    0.83
                ]
            }
        ]
    },
    "aux": {
        "delta_l_sat_approx": {
            "type": 1,
            "n": {
                "1": 3.5771,
                "2": -4.653,
                "3": 8.517,
                "4": -7.831,
                "5": 3.3029,
                "6": 0.5782
            },
            "t": {
                "1": 0.43,
                "2": 0.83,
                "3": 1.25,
                "4": 1.72,
                "5": 2.24,
                "6": 17.5
            }
        },
        "delta_v_sat_approx": {
            "type": 3,
            "n": {
                "1": -3.5333,
                "2": -8.4246,
                "3": -25.474,
                "4": -57.24,
                "5": -34.6,
                "6": -111.9
            },
            "t": {
                "1": 0.428,
                "2": 1.484,
                "3": 3.87,
                "4": 7.86,
                "5": 15.98,
                "6": 17.33
            }
        }
    }
}
