{
    "nl_file": "neon_expressions_eos.nl",
    "expr_map": [
        0,
        1,
        2,
        3,
        4,
        13,
        5,
        6,
        7,
        8,
        9,
        10,
        12,
        11
    ],
    "var_map": [
        0,
        1,
        1000,
        1000
    ],
    "param": {
        "R": 0.41203527429505926,
        "MW": 20.179,
        "T_star": 44.4,
        "rho_star": 486.3139,
        "Tc": 44.4,
        "rhoc": 486.3139,
        "Pc": 2661.630781978552,
        "Tt": 24.560000000000002,
        "Pt": 43.41723245806585,
        "rhot_l": 1249.6342264955822,
        "rhot_v": 4.4191252421593346,
        "P_min": 1e-05,
        "P_max": 1000000.0,
        "rho_max": 484.12944403765846,
        "T_min": 24.560000000000002,
        "T_max": 725,
        "reference_state_offset": [
            0.0,
            0.0
        ]
    },
    "have_tcx": false,
    "have_st": false,
    "have_visc": false
}