{
    "comp": "neon",
    "basic": {
        "R": 0.41203527429505926,
        "MW": 20.179,
        "T_star": 44.4,
        "rho_star": 486.3139,
        "Tc": 44.4,
        "rhoc": 486.3139,
        "Pc": 2661.6308085948554,
        "Tt": 24.560000000000002,
        "Pt": 43.41723245806585,
        "rhot_l": 1249.6342264955822,
        "rhot_v": 4.4191252421593346,
        "P_min": 1e-05,
        "P_max": 1000000.0,
        "rho_max": 1562.0427831194777,
        "T_min": 24.560000000000002,
        "T_max": 725
    },
    "eos": {
        "reference": [
            "Thol-JPCRD-2019-Neon"
        ],
        "ideal_terms": [
            {
                "ideal_type": 1,
                "a": [
                    -3.0384719151147275,
                    3.253690479855404
                ]
            },
            {
                "ideal_type": 2,
                "a": 1.5
            }
        ],
        "residual_terms": [
            {
                "residual_type": 1,
                "n": [
                    0.031522418,
                    3.7716418,
                    -4.27399448,
                    -0.756466758,
                    0.066679921
                ],
                "d": [
                    4,
                    1,
                    1,
                    2,
                    3
                ],
                "t": [
                    1.0,
                    0.431,
                    0.592,
                    1.105,
                    0.49
                ]
            },
            {
                "residual_type": 7,
                "n": [
                    -0.356928434,
                    -0.053124761,
                    0.9407234,
                    -0.969302374,
                    0.461243234,
                    0.008184422
                ],
                "d": [
                    1,
                    3,
                    2,
                    2,
                    4,
                    7
                ],
                "t": [
                    2.3,
                    3.18,
                    1.36,
                    2.0,
                    0.5,
                    1.12
                ],
                "l": [
                    2,
                    2,
                    1,
                    2,
                    1,
                    1
                ],
                "g": [
                    1.0,
                    1.0,
                    1.0,
                    1.0,
                    1.0,
                    1.0
                ]
            },
            {
                "residual_type": 2,
                "n": [
                    7.84771604,
                    6.39604094,
                    -1.27480579,
                    -5.51887999,
                    -8.76652276,
                    -0.351732709
                ],
                "d": [
                    1,
                    1,
                    3,
                    2,
                    1,
                    2
                ],
                "t": [
                    0.41,
                    0.64,
                    0.579,
                    0.6,
                    0.52,
                    0.655
                ],
                "a": [
                    0.76,
                    2.126,
                    2.168,
                    2.033,
                    0.743,
                    4.38
                ],
                "b": [
                    0.537,
                    0.765,
                    0.883,
                    0.751,
                    0.531,
                    11.4
                ],
                "e": [
                    0.5775,
                    0.9137,
                    0.7895,
                    0.6229,
                    0.4992,
                    0.869
                ],
                "g": [
                    1.997,
                    1.782,
                    1.663,
                    1.837,
                    1.953,
                    1.658
                ]
            }
        ]
    },
    "aux": {
        "delta_l_sat_approx": {
            "type": 1,
            "n": {
                "1": 0.22207659869985238,
                "2": 2.4573200546328224,
                "3": -1969.4302835894664,
                "4": 6749.387057643627,
                "5": -4813.477464106806,
                "6": 591.6954480241219
            },
            "t": {
                "1": 0.361,
                "2": 0.489,
                "3": 3.226,
                "4": 3.371,
                "5": 3.443,
                "6": 9.965
            }
        },
        "delta_v_sat_approx": {
            "type": 3,
            "n": {
                "1": -1.3474639960955583,
                "2": -2.7571994490012472,
                "3": 0.009650364682861507,
                "4": 2.0354003457571044,
                "5": -3.227001419324544,
                "6": 122.46077167651404
            },
            "t": {
                "1": 0.408,
                "2": 0.648,
                "3": 1.315,
                "4": 2.286,
                "5": 2.901,
                "6": 11.792
            }
        }
    }
}
