{
    "comp": "neopentane",
    "basic": {
        "R": 0.11524064578777356,
        "MW": 72.14878,
        "T_star": 433.74,
        "rho_star": 235.92651059999997,
        "Tc": 433.74,
        "rhoc": 235.92651059999997,
        "Pc": 3196.0,
        "Tt": 256.6,
        "Pt": 35.40094732693052,
        "rhot_l": 627.8185103895671,
        "rhot_v": 1.2229985814313566,
        "P_min": 1e-05,
        "P_max": 200000.0,
        "rho_max": 784.7731379869589,
        "T_min": 256.6,
        "T_max": 550
    },
    "eos": {
        "reference": [
            "Lemmon-JCED-2006"
        ],
        "ideal_terms": [
            {
                "ideal_type": 1,
                "a": [
                    0.8702452614,
                    1.6071746358
                ]
            },
            {
                "ideal_type": 2,
                "a": 3
            },
            {
                "ideal_type": 3,
                "n": [
                    14.422,
                    12.868,
                    17.247,
                    12.663
                ],
                "t": [
                    1.636925346982063,
                    3.977036934569097,
                    7.562133997325587,
                    17.9531516576751
                ]
            }
        ],
        "residual_terms": [
            {
                "residual_type": 1,
                "n": [
                    1.1136,
                    -3.1792,
                    1.1411,
                    -0.10467,
                    0.11754,
                    0.00034058
                ],
                "d": [
                    1,
                    1,
                    1,
                    2,
                    3,
                    7
                ],
                "t": [
                    0.25,
                    1.125,
                    1.5,
                    1.375,
                    0.25,
                    0.875
                ]
            },
            {
                "residual_type": 7,
                "n": [
                    0.29553,
                    -0.074765,
                    -0.31474,
                    -0.099401,
                    -0.039569,
                    0.023177
                ],
                "d": [
                    2,
                    5,
                    1,
                    4,
                    3,
                    4
                ],
                "t": [
                    0.625,
                    1.75,
                    3.625,
                    3.625,
                    14.5,
                    12
                ],
                "l": [
                    1,
                    1,
                    2,
                    2,
                    3,
                    3
                ],
                "g": [
                    1.0,
                    1.0,
                    1.0,
                    1.0,
                    1.0,
                    1.0
                ]
            }
        ]
    },
    "aux": {
        "delta_l_sat_approx": {
            "type": 1,
            "n": {
                "1": 2.811511709838611,
                "2": -0.6819933999019258,
                "3": 143.31340246450836,
                "4": -250.44132450192117,
                "5": 324.6743119533206,
                "6": -196312.80251857708
            },
            "t": {
                "1": 0.385,
                "2": 0.435,
                "3": 3.763,
                "4": 4.175,
                "5": 6.202,
                "6": 16.14
            }
        },
        "delta_v_sat_approx": {
            "type": 3,
            "n": {
                "1": -3.7861930152056065,
                "2": 8.462476541870759,
                "3": -339.50200633681567,
                "4": 403.5197007430728,
                "5": -111.52402460892499,
                "6": 41.26753585967676
            },
            "t": {
                "1": 0.423,
                "2": 1.041,
                "3": 1.753,
                "4": 1.863,
                "5": 2.594,
                "6": 3.606
            }
        }
    }
}
