{
    "nl_file": "neopentane_expressions_eos.nl",
    "expr_map": [
        0,
        1,
        2,
        3,
        4,
        13,
        5,
        6,
        7,
        8,
        9,
        10,
        12,
        11
    ],
    "var_map": [
        0,
        1,
        1000,
        1000
    ],
    "param": {
        "R": 0.11524064578777356,
        "MW": 72.14878,
        "T_star": 433.74,
        "rho_star": 235.92651059999997,
        "Tc": 433.74,
        "rhoc": 235.92651059999997,
        "Pc": 3196.318765978491,
        "Tt": 256.6,
        "Pt": 35.40094732693052,
        "rhot_l": 627.8185103895671,
        "rhot_v": 1.2229985814313566,
        "P_min": 1e-05,
        "P_max": 200000.0,
        "rho_max": 239.60915297785922,
        "T_min": 256.6,
        "T_max": 550,
        "reference_state_offset": [
            0.0,
            0.0
        ]
    },
    "have_tcx": false,
    "have_st": false,
    "have_visc": false
}