{
    "comp": "nh3",
    "basic": {
        "R": 0.48820939114,
        "MW": 17.03052,
        "T_star": 405.56,
        "rho_star": 233.25,
        "Tc": 405.56,
        "rhoc": 233.25,
        "Pc": 11363.4,
        "Tt": 195.49,
        "Pt": 6.055813,
        "rhot_l": 733.8486491,
        "rhot_v": 0.063731569,
        "P_min": 6.055813,
        "P_max": 1000000.0,
        "rho_max": 904.8315276,
        "T_min": 195.49,
        "T_max": 725.0
    },
    "eos": {
        "reference": [
            "SKehui Gao, Jiangtao Wu, Ian H. Bell, Allan H. Harvey, and Eric W. Lemmon (2023)",
            "    A Reference Equation of State with an Associating Term for Thermodynamic Properties of Ammonia"
        ],
        "c": {
            "6": 2,
            "7": 2,
            "8": 1 
        },
        "d": {
            "1": 4,
            "2": 1,
            "3": 1,
            "4": 2,
            "5": 3,
            "6": 3,
            "7": 2,
            "8": 3,
            "9": 1,
            "10": 1,
            "11": 1,
            "12": 2,
            "13": 2,
            "14": 1,
            "15": 3,
            "16": 3,
            "17": 1,
            "18": 1,
            "19": 1,
            "20": 1

        },
        "t": {
            "1": 1.0,
            "2": 0.382,
            "3": 1.00,
            "4": 1.0,
            "5": 0.677,
            "6": 2.915,
            "7": 3.51,
            "8": 1.063,
            "9": 0.655,
            "10": 1.3,
            "11": 3.1,
            "12": 1.4395,
            "13": 1.623,
            "14": 0.643,
            "15": 1.13,
            "16": 4.5,
            "17": 1.0,
            "18": 4.0,
            "19": 4.3315,
            "20": 4.015
        },
        "n": {
            "1": 0.006132232,
            "2": 1.7395866,
            "3": -2.2261792,
            "4": -0.30127553,
            "5": 0.08967023,
            "6": -0.076387037,
            "7": -0.84063963,
            "8": -0.27026327,
            "9": 6.212578,
            "10": -5.7844357,
            "11": 2.4817542,
            "12": -2.3739168,
            "13": 0.01493697,
            "14": -3.7749264,
            "15": 0.0006254348,
            "16": -1.7359e-05,
            "17":  -0.13462033,
            "18": 0.07749072839,
            "19": -1.6909858,
            "20": 0.93739074
        },
        "a": {
            "9": 0.42776,
            "10":  0.6424,
            "11": 0.8175,
            "12": 0.7995,
            "13": 0.91,
            "14": 0.3574,
            "15": 1.21,
            "16": 4.14,
            "17": 22.56,
            "18": 22.68,
            "19": 2.8452,
            "20": 2.8342
        },
        "b": {
            "9": 1.708,
            "10": 1.4865,
            "11": 2.0915,
            "12": 2.43,
            "13": 0.488,
            "14": 1.1,
            "15": 0.85,
            "16": 1.14,
            "17": 945.64,
            "18": 993.85,
            "19": 0.3696,
            "20": 0.2962
        },
        "bi":{
            "19": 1.244,
            "20": 0.6826
        },
        "g": {
            "9": 1.036,
            "10": 1.2777,
            "11": 1.083,
            "12": 1.2906,
            "13": 0.928,
            "14": 0.934,
            "15": 0.919,
            "16": 1.852,
            "17": 1.05897,
            "18": 1.05277,
            "19": 1.108,
            "20": 1.313
        },
        "e": {
            "9": -0.0726,
            "10": -0.1274,
            "11": 0.7527,
            "12": 0.57,
            "13": 2.2,
            "14": -0.243,
            "15": 2.96,
            "16": 3.02,
            "17": 0.9574,
            "18": 0.9576,
            "19": 0.4478,
            "20": 0.44689
        },
        "reference_state_offset": [

        ],
        "n0": {
            "1": -6.59406093943886,
            "2": 5.60101151987913,
            "3": 4.0,
            "4": 2.224,
            "5": 3.148,
            "6": 0.9579
        },
        "g0": {
            "4":1646,
            "5":3965,
            "6":7231
        },
        "last_term_ideal": 6,
        "last_term_residual": [5, 8, 18, 20],
        "phi_ideal_type": 4,
        "phi_residual_type": 5
    },
    "aux": {
        "reference": [
            "Gao, Kehui, et al. A reference equation of state with an associating term for the thermodynamic properties of ammonia.",
            "   Journal of Physical and Chemical Reference Data 52.1 (2023)."
        ],
        "delta_l_sat_approx": {
            "c": 1,
            "n": {
                "1": 0.051236,
                "2": 3.7925,
                "3": -3.5929,
                "4": 4.6409,
                "5": -1.9893,  
                "6": 1.5978
            },
            "t": {
                "1": 0.07,
                "2": 0.46,
                "3": 0.77,
                "4": 1.05,
                "5": 1.25,
                "6": 8.0
            },
            "type": 1
        },
        "delta_v_sat_approx": {
            "c": 1,
            "n": {
                "1": -0.089966,
                "2": -3.8722,
                "3": -8.1183,
                "4": -25.293,
                "5": -54.279,
                "6": -400.83
            },
            "t": {
                "1": 0.112,
                "2": 0.473,
                "3": 1.5,
                "4": 3.875,
                "5": 8.0,
                "6": 20.0
            },
            "type": 2
        }
    },
    "transport": {
        "thermal_conductivity": {
            "reference": [
                "Monogenidou, S. A., Marc J. Assael, and Marcia L. Huber.",
                "Reference correlation for the thermal conductivity of ammonia ",
                "from the triple-point temperature to 680 K and pressures up to 80 MPa. ", 
                "Journal of Physical and Chemical Reference Data 47.4 (2018)."
            ]
        },
        "viscosity": {
            "reference": [
                "Fenghour, A., et al. The viscosity of ammonia.",
                "   Journal of Physical and Chemical Reference Data 24.5 (1995): 1649-1667."
            ]
        },
        "surface_tension": {
            "reference": [
                "Mulero, A., I. Cachadina, Parra, M., Recommended Correlations for the Surface ",
                "    Tension of Common Fluids, J. Phys. Chem. Ref. Data 41, 043105, (2012)."
            ],
            "Tc": 405.4,
            "s": {
                "0": 102.8,
                "1": -94.53
            },
            "n": {
                "0": 1.211,
                "1": 5.585
            },
            "type": 1
        }
    }
}