{
    "comp": "nitrousoxide",
    "basic": {
        "R": 0.18891031699869132,
        "MW": 44.0128,
        "T_star": 309.52,
        "rho_star": 452.01145599999995,
        "Tc": 309.52,
        "rhoc": 452.01145599999995,
        "Pc": 7245.0,
        "Tt": 182.33,
        "Pt": 87.83743922598524,
        "rhot_l": 1237.3508634225107,
        "rhot_v": 2.611548204559302,
        "P_min": 1e-05,
        "P_max": 50000.0,
        "rho_max": 1546.6885792781384,
        "T_min": 182.33,
        "T_max": 525
    },
    "eos": {
        "reference": [
            "Lemmon-JCED-2006"
        ],
        "ideal_terms": [
            {
                "ideal_type": 1,
                "a": [
                    -4.4262736272,
                    4.3120475243
                ]
            },
            {
                "ideal_type": 2,
                "a": 2.5
            },
            {
                "ideal_type": 3,
                "n": [
                    2.1769,
                    1.6145,
                    0.48393
                ],
                "t": [
                    2.839881106229,
                    7.663478935125356,
                    17.598216593435
                ]
            }
        ],
        "residual_terms": [
            {
                "residual_type": 1,
                "n": [
                    0.88045,
                    -2.4235,
                    0.38237,
                    0.068917,
                    0.00020367
                ],
                "d": [
                    1,
                    1,
                    1,
                    3,
                    7
                ],
                "t": [
                    0.25,
                    1.25,
                    1.5,
                    0.25,
                    0.875
                ]
            },
            {
                "residual_type": 7,
                "n": [
                    0.13122,
                    0.46032,
                    -0.0036985,
                    -0.23263,
                    -0.00042859,
                    -0.04281,
                    -0.023038
                ],
                "d": [
                    1,
                    2,
                    5,
                    1,
                    1,
                    4,
                    2
                ],
                "t": [
                    2.375,
                    2,
                    2.125,
                    3.5,
                    6.5,
                    4.75,
                    12.5
                ],
                "l": [
                    1,
                    1,
                    1,
                    2,
                    2,
                    2,
                    3
                ],
                "g": [
                    1.0,
                    1.0,
                    1.0,
                    1.0,
                    1.0,
                    1.0,
                    1.0
                ]
            }
        ]
    },
    "aux": {
        "delta_l_sat_approx": {
            "type": 1,
            "n": {
                "1": 2.248014962727216,
                "2": 1354.8814407985476,
                "3": -227009237.43183637,
                "4": 312935961.0720787,
                "5": -139155040.7743576,
                "6": 295107831.0429585
            },
            "t": {
                "1": 0.374,
                "2": 6.796,
                "3": 13.027,
                "4": 13.205,
                "5": 14.362,
                "6": 18.638
            }
        },
        "delta_v_sat_approx": {
            "type": 3,
            "n": {
                "1": -3.439484106428665,
                "2": -35.87348642351084,
                "3": 98.43310989645504,
                "4": -173.87569213455475,
                "5": 30857.724063434925,
                "6": -31916.967231256218
            },
            "t": {
                "1": 0.428,
                "2": 2.405,
                "3": 3.115,
                "4": 4.433,
                "5": 8.312,
                "6": 8.395
            }
        }
    }
}
