{
    "nl_file": "nitrogen_expressions_eos.nl",
    "expr_map": [
        0,
        1,
        2,
        3,
        4,
        13,
        5,
        6,
        7,
        8,
        9,
        10,
        12,
        11
    ],
    "var_map": [
        0,
        1,
        1000,
        1000
    ],
    "param": {
        "R": 0.2968038958387177,
        "MW": 28.01348,
        "T_star": 126.192,
        "rho_star": 313.3,
        "Tc": 126.192,
        "rhoc": 313.3,
        "Pc": 3395.8004107572674,
        "Tt": 63.151,
        "Pt": 12.51978348430944,
        "rhot_l": 867.2219922340494,
        "rhot_v": 0.6742729093861953,
        "P_min": 1e-05,
        "P_max": 2200000.0,
        "rho_max": 315.2946080843197,
        "T_min": 63.151,
        "T_max": 2000,
        "reference_state_offset": [
            0.0,
            0.0
        ]
    },
    "have_tcx": false,
    "have_st": false,
    "have_visc": false
}