{
    "nl_file": "nitrousoxide_expressions_eos.nl",
    "expr_map": [
        0,
        1,
        2,
        3,
        4,
        13,
        5,
        6,
        7,
        8,
        9,
        10,
        12,
        11
    ],
    "var_map": [
        0,
        1,
        1000,
        1000
    ],
    "param": {
        "R": 0.18891031699869132,
        "MW": 44.0128,
        "T_star": 309.52,
        "rho_star": 452.01145599999995,
        "Tc": 309.52,
        "rhoc": 452.01145599999995,
        "Pc": 7244.708151536975,
        "Tt": 182.33,
        "Pt": 87.83743922598524,
        "rhot_l": 1237.3508634225107,
        "rhot_v": 2.611548204559302,
        "P_min": 1e-05,
        "P_max": 50000.0,
        "rho_max": 452.01145599999995,
        "T_min": 182.33,
        "T_max": 525,
        "reference_state_offset": [
            0.0,
            0.0
        ]
    },
    "have_tcx": false,
    "have_st": false,
    "have_visc": false
}