{
    "nl_file": "novec649_expressions_eos.nl",
    "expr_map": [
        0,
        1,
        2,
        3,
        4,
        13,
        5,
        6,
        7,
        8,
        9,
        10,
        12,
        11
    ],
    "var_map": [
        0,
        1,
        1000,
        1000
    ],
    "param": {
        "R": 0.026307942443420818,
        "MW": 316.0438,
        "T_star": 441.81,
        "rho_star": 606.804096,
        "Tc": 441.81,
        "rhoc": 606.804096,
        "Pc": 1869.0265643737962,
        "Tt": 165,
        "Pt": 0.00023145335205371442,
        "rhot_l": 1970.226710900864,
        "rhot_v": 5.332041497237134e-05,
        "P_min": 1e-05,
        "P_max": 50000.0,
        "rho_max": 606.804096,
        "T_min": 165,
        "T_max": 500,
        "reference_state_offset": [
            0.0,
            0.0
        ]
    },
    "have_tcx": false,
    "have_st": false,
    "have_visc": false
}