{
    "comp": "novec649",
    "basic": {
        "R": 0.026307942443420818,
        "MW": 316.0438,
        "T_star": 441.81,
        "rho_star": 606.804096,
        "Tc": 441.81,
        "rhoc": 606.804096,
        "Pc": 1869.0265830640562,
        "Tt": 165,
        "Pt": 0.00023145335205371442,
        "rhot_l": 1970.226710900864,
        "rhot_v": 5.332041497237134e-05,
        "P_min": 1e-05,
        "P_max": 50000.0,
        "rho_max": 2462.78338862608,
        "T_min": 165,
        "T_max": 500
    },
    "eos": {
        "reference": [
            "McLinden-JCED-2015-Novec649"
        ],
        "ideal_terms": [
            {
                "ideal_type": 1,
                "a": [
                    -30.6610503233,
                    6.8305296372
                ]
            },
            {
                "ideal_type": 2,
                "a": 29.8
            },
            {
                "ideal_type": 3,
                "n": [
                    29.8
                ],
                "t": [
                    4.391027817387565
                ]
            }
        ],
        "residual_terms": [
            {
                "residual_type": 1,
                "n": [
                    0.05623648,
                    2.973616,
                    -6.12697,
                    3.44024,
                    1.451737,
                    -2.837857,
                    0.2077767
                ],
                "d": [
                    4,
                    1,
                    1,
                    1,
                    2,
                    2,
                    3
                ],
                "t": [
                    1,
                    0.25,
                    0.793,
                    1.16,
                    0.75,
                    1.09,
                    0.75
                ]
            },
            {
                "residual_type": 7,
                "n": [
                    2.168307,
                    -2.124648,
                    -1.296704
                ],
                "d": [
                    2,
                    1,
                    2
                ],
                "t": [
                    1.3,
                    2.25,
                    1.9
                ],
                "l": [
                    1,
                    2,
                    2
                ],
                "g": [
                    1.0,
                    1.0,
                    1.0
                ]
            },
            {
                "residual_type": 2,
                "n": [
                    -1.010569,
                    2.701505,
                    0.8167202,
                    -1.814579,
                    0.2075389,
                    -1.009347,
                    -0.04848043
                ],
                "d": [
                    1,
                    1,
                    2,
                    2,
                    3,
                    3,
                    1
                ],
                "t": [
                    0.88,
                    1.63,
                    1.3,
                    2,
                    1.15,
                    1.66,
                    1.5
                ],
                "a": [
                    0.32,
                    1.32,
                    1.35,
                    1.48,
                    0.51,
                    1.3,
                    5.15
                ],
                "b": [
                    0.12,
                    0.83,
                    0.19,
                    0.95,
                    0.1,
                    0.11,
                    65
                ],
                "e": [
                    1.16,
                    0.793,
                    1.13,
                    0.527,
                    1.19,
                    0.83,
                    0.82
                ],
                "g": [
                    1.1,
                    1.04,
                    1.15,
                    0.9,
                    0.8,
                    1.2,
                    1.19
                ]
            }
        ]
    },
    "aux": {
        "delta_l_sat_approx": {
            "type": 1,
            "n": {
                "1": 1.5545,
                "2": 1.149,
                "3": 0.51565
            },
            "t": {
                "1": 0.297,
                "2": 0.7,
                "3": 4.4
            }
        },
        "delta_v_sat_approx": {
            "type": 2,
            "n": {
                "1": -1.6073,
                "2": -5.8095,
                "3": -17.824,
                "4": -61.012,
                "5": -151.3
            },
            "t": {
                "1": 0.291,
                "2": 0.82,
                "3": 2.45,
                "4": 5.5,
                "5": 12
            }
        }
    }
}
