{
    "comp": "npentane",
    "basic": {
        "R":  0.11524,
        "MW": 72.14878,
        "T_star":469.7,
        "rho_star": 232,
        "Tc": 469.7,
        "rhoc": 232,
        "Pc": 3367,
        "Tt": 143.47,
        "Pt": 7e-05,
        "rhot_l": 763.648,
        "rhot_v": 4.71937e-06,
        "P_min": 9e-08,
        "P_max": 1000000,
        "rho_max": 788.23,
        "T_min": 112.65,
        "T_max": 500
    },
    "eos": {
        "reference": [
        ],
        "n0":{
            "1": 8.509252832282648,
            "2": 0.06430584062033375,
            "3": 3,
            "4": 6.618,
            "5": 15.97,
            "6": 15.29
              },
          "g0": {
            "4": 0.3278688524590164,
            "5": 2.8188205237385566,
            "6": 5.607834788162657
          },
          "d": {
               "1": 4,
                "2": 1,
                "3": 1,
                "4": 2,
                "5": 3,
                "6": 1,
                "7": 1,
                "8": 3,
                "9": 2,
                "10": 2,
                "11": 7,
                "12": 1,
                "13": 1,
                "14": 3,
                "15": 2,
                "16": 2
          },
          "a":{
            "12": 1.01,
            "13": 4.77,
            "14": 1.13,
            "15": 1.08,
            "16": 1.12
          },
          "b":{
            "12": 0.583,
            "13": 31.6,
            "14": 0.52,
            "15": 0.654,
            "16": 0.75
          },
          "e":{
            "12": 0.927,
            "13": 0.968,
            "14": 0.735,
            "15": 1.196,
            "16": 0.617
          },
          "g":{
            "12": 1.06,
            "13": 1.37,
            "14": 1.09,
            "15": 1.19,
            "16": 0.83
          },
          "c": {
             "6": 2,
            "7": 3,
            "8": 2,
            "9": 1,
            "10": 2,
            "11": 1
          },
          "n": {
                "1": 0.042952795,
                "2": 2.4923999,
                "3": -2.603872,
                "4": -0.83829913,
                "5": 0.19223378,
                "6": -3.0778196,
                "7": -0.000324816,
                "8": -1.6781976,
                "9": 0.6416425,
                "10": -1.7300934,
                "11": -0.017585046,
                "12": 4.5708883,
                "13": -0.0758188,
                "14": -0.62122633,
                "15": -0.42413043,
                "16": -2.0418443

          },
          "t": {
            "1": 1.0,
            "2": 0.367,
            "3": 0.704,
            "4": 1.04,
            "5": 0.494,
            "6": 1.34,
            "7": 0.688,
            "8": 1.688,
            "9": 0.88,
            "10": 1.357,
            "11": 1.021,
            "12": 0.979,
            "13": 2.966,
            "14": 1.35,
            "15": 0.664,
            "16": 0.937
          },
        "last_term_ideal":6,
        "phi_ideal_type":1,
        "last_term_residual": [5,11,16],
        "phi_residual_type":2
    },
    "aux": {
        "reference": [
        ],
        "delta_l_sat_approx": {
            "c":1,
            "n": {
                "1": 1.9256,
                "2": 0.97454
            },
            "t": {
                "1": 1,
                "2": 0.00032197
            },
            "type":1
            
        },
        "delta_v_sat_approx": {
            "c":1,
            "n":{
                "1": 0.60777,
                "2": -1.5203
            },
            "t":{
                "1": 1,
                "2": 0.22388
            },
            "type":1
        }
    },
    "transport": {
        "thermal_conductivity": {
            "reference": []
        },
        "viscosity": {
            "reference": []
        },
        "surface_tension": {
            "reference": [
               
            ]
        }
    }
}