{
    "nl_file": "o-xylene_expressions_eos.nl",
    "expr_map": [
        0,
        1,
        2,
        3,
        4,
        13,
        5,
        6,
        7,
        8,
        9,
        10,
        12,
        11
    ],
    "var_map": [
        0,
        1,
        1000,
        1000
    ],
    "param": {
        "R": 0.07831650732350587,
        "MW": 106.16499999999999,
        "T_star": 630.259,
        "rho_star": 284.9999425000001,
        "Tc": 630.259,
        "rhoc": 284.9999425000001,
        "Pc": 3737.4595873888748,
        "Tt": 247.985,
        "Pt": 0.022805776335706757,
        "rhot_l": 918.032145879294,
        "rhot_v": 0.0011743523219303774,
        "P_min": 1e-05,
        "P_max": 70000.0,
        "rho_max": 284.9999425000001,
        "T_min": 247.985,
        "T_max": 700,
        "reference_state_offset": [
            0.0,
            0.0
        ]
    },
    "have_tcx": false,
    "have_st": false,
    "have_visc": false
}