{
    "comp": "o-xylene",
    "basic": {
        "R": 0.07831650732350587,
        "MW": 106.16499999999999,
        "T_star": 630.259,
        "rho_star": 284.9999425000001,
        "Tc": 630.259,
        "rhoc": 284.9999425000001,
        "Pc": 3737.5,
        "Tt": 247.985,
        "Pt": 0.022805776335706757,
        "rhot_l": 918.032145879294,
        "rhot_v": 0.0011743523219303774,
        "P_min": 1e-05,
        "P_max": 70000.0,
        "rho_max": 1147.5401823491175,
        "T_min": 247.985,
        "T_max": 700
    },
    "eos": {
        "reference": [
            "Zhou-JPCRD-2012"
        ],
        "ideal_terms": [
            {
                "ideal_type": 1,
                "a": [
                    10.137376,
                    -0.91282993
                ]
            },
            {
                "ideal_type": 2,
                "a": 2.748798
            },
            {
                "ideal_type": 3,
                "n": [
                    4.754892,
                    6.915052,
                    25.84813,
                    10.93886
                ],
                "t": [
                    0.3569960920827787,
                    0.9948291099373432,
                    2.738556688599449,
                    7.83963418213782
                ]
            }
        ],
        "residual_terms": [
            {
                "residual_type": 1,
                "n": [
                    0.0036765156,
                    -0.13918171,
                    0.014104203,
                    1.5398899,
                    -2.3600925,
                    -0.44359159,
                    0.19596977
                ],
                "d": [
                    5,
                    1,
                    4,
                    1,
                    1,
                    2,
                    3
                ],
                "t": [
                    1,
                    0.6,
                    0.91,
                    0.3,
                    0.895,
                    1.167,
                    0.435
                ]
            },
            {
                "residual_type": 7,
                "n": [
                    -1.0909408,
                    -0.21890801,
                    1.1179223,
                    -0.93563815,
                    -0.018102996
                ],
                "d": [
                    1,
                    3,
                    2,
                    2,
                    7
                ],
                "t": [
                    2.766,
                    3.8,
                    1.31,
                    3,
                    0.77
                ],
                "l": [
                    2,
                    2,
                    1,
                    2,
                    1
                ],
                "g": [
                    1.0,
                    1.0,
                    1.0,
                    1.0,
                    1.0
                ]
            },
            {
                "residual_type": 2,
                "n": [
                    1.4172368,
                    -0.57134695,
                    -0.081944041,
                    -40.682878
                ],
                "d": [
                    1,
                    1,
                    3,
                    3
                ],
                "t": [
                    1.41,
                    4.8,
                    1.856,
                    2
                ],
                "a": [
                    1.1723,
                    1.095,
                    1.6166,
                    20.4
                ],
                "b": [
                    2.442,
                    1.342,
                    3,
                    450
                ],
                "e": [
                    0.552,
                    0.728,
                    0.498,
                    0.894
                ],
                "g": [
                    1.2655,
                    0.3959,
                    0.7789,
                    1.162
                ]
            }
        ]
    },
    "aux": {
        "delta_l_sat_approx": {
            "type": 1,
            "n": {
                "1": 0.08168792579534072,
                "2": 6.203503021781052,
                "3": -3.8477589500686986,
                "4": 4.572403149688544,
                "5": -31656.07188921996,
                "6": 32296.361131648908
            },
            "t": {
                "1": 0.102,
                "2": 0.561,
                "3": 0.718,
                "4": 5.254,
                "5": 13.734,
                "6": 13.785
            }
        },
        "delta_v_sat_approx": {
            "type": 3,
            "n": {
                "1": -0.05612298788265898,
                "2": -1.1710766690915488,
                "3": -4.043955284669913,
                "4": -7.601531777020512,
                "5": 34.00048793856129,
                "6": -267.1634261051362
            },
            "t": {
                "1": 0.041,
                "2": 0.47,
                "3": 0.602,
                "4": 3.963,
                "5": 9.65,
                "6": 15.203
            }
        }
    }
}
