{
    "comp": "orthodeuterium",
    "basic": {
        "R": 2.0640638746834816,
        "MW": 4.0282,
        "T_star": 38.34,
        "rho_star": 69.405886,
        "Tc": 38.34,
        "rhoc": 69.405886,
        "Pc": 1679.6,
        "Tt": 18.724,
        "Pt": 17.189101989626472,
        "rhot_l": 174.62617953055724,
        "rhot_v": 0.45501144630730406,
        "P_min": 1e-05,
        "P_max": 2000000.0,
        "rho_max": 218.28272441319655,
        "T_min": 18.724,
        "T_max": 600
    },
    "eos": {
        "reference": [
            "Richardson-JPCRD-2013"
        ],
        "ideal_terms": [
            {
                "ideal_type": 1,
                "a": [
                    -2.0672670563,
                    2.4234599781
                ]
            },
            {
                "ideal_type": 2,
                "a": 1.5
            },
            {
                "ideal_type": 3,
                "n": [
                    4.04482,
                    -4.65391,
                    -4.65342,
                    3.46313,
                    -4.58637,
                    -4.6503,
                    -4.65124,
                    2.67024,
                    15.20455,
                    0.87164,
                    -4.7608,
                    4.32447
                ],
                "t": [
                    41.49713093375065,
                    12.56129368805425,
                    12.32133541992697,
                    9.447052686489306,
                    53.15597287428273,
                    12.08137715179969,
                    12.81429316640584,
                    70.77203964527908,
                    16.13458528951487,
                    225.4042775169536,
                    25.08346374543558,
                    6.604068857589984
                ]
            }
        ],
        "residual_terms": [
            {
                "residual_type": 1,
                "n": [
                    0.006267958,
                    10.53609,
                    -10.14149,
                    0.356061,
                    0.1824472,
                    -1.129638,
                    -0.0549812,
                    -0.6791329
                ],
                "d": [
                    4,
                    1,
                    1,
                    2,
                    3,
                    1,
                    3,
                    2
                ],
                "t": [
                    1,
                    0.462,
                    0.5584,
                    0.627,
                    1.201,
                    0.309,
                    1.314,
                    1.1166
                ]
            },
            {
                "residual_type": 7,
                "n": [
                    1.347918,
                    -0.8657582,
                    1.719146,
                    -1.917977,
                    0.1233365,
                    -0.07936891
                ],
                "d": [
                    2,
                    2,
                    1,
                    1,
                    3,
                    2
                ],
                "t": [
                    1.25,
                    1.25,
                    1.395,
                    1.627,
                    1,
                    2.5
                ],
                "l": [
                    1,
                    1,
                    2,
                    2,
                    2,
                    2
                ],
                "g": [
                    1.0,
                    1.0,
                    1.0,
                    1.0,
                    1.0,
                    1.0
                ]
            },
            {
                "residual_type": 2,
                "n": [
                    1.686617,
                    -4.240326,
                    1.857114,
                    -0.5903705,
                    1.520171,
                    2.361373,
                    -2.297315
                ],
                "d": [
                    1,
                    1,
                    2,
                    3,
                    3,
                    1,
                    3
                ],
                "t": [
                    0.635,
                    0.664,
                    0.7082,
                    2.25,
                    1.524,
                    0.67,
                    0.709
                ],
                "a": [
                    0.868,
                    0.636,
                    0.668,
                    0.65,
                    0.745,
                    0.782,
                    0.693
                ],
                "b": [
                    0.613,
                    0.584,
                    0.57,
                    1.056,
                    1.01,
                    1.025,
                    1.029
                ],
                "e": [
                    1.46,
                    1.7864,
                    1.647,
                    0.541,
                    0.969,
                    1.892,
                    1.076
                ],
                "g": [
                    0.6306,
                    0.711,
                    0.6446,
                    0.8226,
                    0.992,
                    1.2184,
                    1.203
                ]
            }
        ]
    },
    "aux": {
        "delta_l_sat_approx": {
            "type": 1,
            "n": {
                "1": 0.7561385728476524,
                "2": 7.456420463900972,
                "3": -7.667110838528095,
                "4": 31.91516196841129,
                "5": -55.84889038663615,
                "6": 25.60708660267712
            },
            "t": {
                "1": 0.433,
                "2": 0.632,
                "3": 0.773,
                "4": 2.187,
                "5": 2.427,
                "6": 2.681
            }
        },
        "delta_v_sat_approx": {
            "type": 3,
            "n": {
                "1": 0.2331216679164502,
                "2": -3.698059063742354,
                "3": 0.4327794907483545,
                "4": -0.5108769415735642,
                "5": 2131.2963725894447,
                "6": -3924.052231017246
            },
            "t": {
                "1": 0.324,
                "2": 0.491,
                "3": 1.733,
                "4": 2.191,
                "5": 15.506,
                "6": 16.417
            }
        }
    }
}
