{
    "nl_file": "orthohydrogen_expressions_eos.nl",
    "expr_map": [
        0,
        1,
        2,
        3,
        4,
        13,
        5,
        6,
        7,
        8,
        9,
        10,
        12,
        11
    ],
    "var_map": [
        0,
        1,
        1000,
        1000
    ],
    "param": {
        "R": 4.124364812444815,
        "MW": 2.01594,
        "T_star": 33.22,
        "rho_star": 31.135266599999994,
        "Tc": 33.22,
        "rhoc": 31.135266599999994,
        "Pc": 1309.8268606495842,
        "Tt": 14.008000000000001,
        "Pt": 7.559882341057205,
        "rhot_l": 77.00726440556821,
        "rhot_v": 0.13272884841359014,
        "P_min": 1e-05,
        "P_max": 2000000.0,
        "rho_max": 31.73532712029287,
        "T_min": 14.008000000000001,
        "T_max": 1000,
        "reference_state_offset": [
            0.0,
            0.0
        ]
    },
    "have_tcx": false,
    "have_st": false,
    "have_visc": false
}