{
    "nl_file": "oxygen_expressions_eos.nl",
    "expr_map": [
        0,
        1,
        2,
        3,
        4,
        13,
        5,
        6,
        7,
        8,
        9,
        10,
        12,
        11
    ],
    "var_map": [
        0,
        1,
        1000,
        1000
    ],
    "param": {
        "R": 0.2598328687325775,
        "MW": 31.9988,
        "T_star": 154.581,
        "rho_star": 436.143644,
        "Tc": 154.581,
        "rhoc": 436.143644,
        "Pc": 5042.785769022084,
        "Tt": 54.361000000000004,
        "Pt": 0.14627764705809654,
        "rhot_l": 1306.0768064506474,
        "rhot_v": 0.010358190219146614,
        "P_min": 1e-05,
        "P_max": 80000.0,
        "rho_max": 436.143644,
        "T_min": 54.361000000000004,
        "T_max": 2000,
        "reference_state_offset": [
            0.0,
            0.0
        ]
    },
    "have_tcx": false,
    "have_st": false,
    "have_visc": false
}