{
    "comp": "oxygen",
    "basic": {
        "R": 0.2598328687325775,
        "MW": 31.9988,
        "T_star": 154.581,
        "rho_star": 436.143644,
        "Tc": 154.581,
        "rhoc": 436.143644,
        "Pc": 5043.0,
        "Tt": 54.361000000000004,
        "Pt": 0.14627764705809654,
        "rhot_l": 1306.0768064506474,
        "rhot_v": 0.010358190219146614,
        "P_min": 1e-05,
        "P_max": 80000.0,
        "rho_max": 1632.5960080633092,
        "T_min": 54.361000000000004,
        "T_max": 2000
    },
    "eos": {
        "reference": [
            "Schmidt-FPE-1985,Stewart-JPCRD-1991"
        ],
        "ideal_terms": [
            {
                "ideal_type": 1,
                "a": [
                    0,
                    0
                ]
            },
            {
                "ideal_type": 2,
                "a": 2.51808732
            },
            {
                "ideal_type": 3,
                "n": [
                    1.02323928,
                    0.784357918,
                    0.00337183363,
                    -0.0170864084,
                    0.0463751562
                ],
                "t": [
                    14.5316979447668,
                    72.8419165356674,
                    7.7710849975094,
                    0.446425786480874,
                    34.4677188658373
                ]
            },
            {
                "ideal_type": 8,
                "a": [
                    -14.716836666461498,
                    -0.011083985429237124
                ]
            }
        ],
        "residual_terms": [
            {
                "residual_type": 1,
                "n": [
                    0.3983768749,
                    -1.846157454,
                    0.4183473197,
                    0.02370620711,
                    0.09771730573,
                    0.03017891294,
                    0.02273353212,
                    0.01357254086,
                    -0.04052698943,
                    0.0005454628515,
                    0.0005113182277,
                    2.953466883e-07,
                    -8.687645072e-05
                ],
                "d": [
                    1,
                    1,
                    1,
                    2,
                    2,
                    2,
                    3,
                    3,
                    3,
                    6,
                    7,
                    7,
                    8
                ],
                "t": [
                    0,
                    1.5,
                    2.5,
                    -0.5,
                    1.5,
                    2,
                    0,
                    1,
                    2.5,
                    0,
                    2,
                    5,
                    2
                ]
            },
            {
                "residual_type": 7,
                "n": [
                    -0.2127082589,
                    0.08735941958,
                    0.127550919,
                    -0.09067701064,
                    -0.03540084206,
                    -0.03623278059,
                    0.0132769929,
                    -0.0003254111865,
                    -0.008313582932,
                    0.002124570559,
                    -0.0008325206232,
                    -2.626173276e-05,
                    0.002599581482,
                    0.009984649663,
                    0.002199923153,
                    -0.02591350486,
                    -0.1259630848,
                    0.1478355637,
                    -0.01011251078
                ],
                "d": [
                    1,
                    1,
                    2,
                    2,
                    3,
                    3,
                    5,
                    6,
                    7,
                    8,
                    10,
                    2,
                    3,
                    3,
                    4,
                    4,
                    5,
                    5,
                    5
                ],
                "t": [
                    5,
                    6,
                    3.5,
                    5.5,
                    3,
                    7,
                    6,
                    8.5,
                    4,
                    6.5,
                    5.5,
                    22,
                    11,
                    18,
                    11,
                    23,
                    17,
                    18,
                    23
                ],
                "l": [
                    2,
                    2,
                    2,
                    2,
                    2,
                    2,
                    2,
                    2,
                    2,
                    2,
                    2,
                    4,
                    4,
                    4,
                    4,
                    4,
                    4,
                    4,
                    4
                ],
                "g": [
                    1.0,
                    1.0,
                    1.0,
                    1.0,
                    1.0,
                    1.0,
                    1.0,
                    1.0,
                    1.0,
                    1.0,
                    1.0,
                    1.0,
                    1.0,
                    1.0,
                    1.0,
                    1.0,
                    1.0,
                    1.0,
                    1.0
                ]
            }
        ]
    },
    "aux": {
        "delta_l_sat_approx": {
            "type": 1,
            "n": {
                "1": 2.398534228348317,
                "2": -0.9602489731250617,
                "3": 4.608521959548032,
                "4": -4.459907685966375,
                "5": 1.4756239105744295,
                "6": -71.13005503778817
            },
            "t": {
                "1": 0.398,
                "2": 0.86,
                "3": 1.704,
                "4": 2.122,
                "5": 4.266,
                "6": 18.786
            }
        },
        "delta_v_sat_approx": {
            "type": 3,
            "n": {
                "1": -4.045898237284726,
                "2": 13.351580368749335,
                "3": -13.257394903986311,
                "4": -0.5839929431960236,
                "5": -2.395023810536666,
                "6": -4.561062605120816
            },
            "t": {
                "1": 0.311,
                "2": 0.407,
                "3": 0.472,
                "4": 1.701,
                "5": 4.684,
                "6": 16.677
            }
        }
    }
}
