{
    "comp": "p-xylene",
    "basic": {
        "R": 0.07831650732350587,
        "MW": 106.16499999999999,
        "T_star": 616.168,
        "rho_star": 286.00001679999997,
        "Tc": 616.168,
        "rhoc": 286.00001679999997,
        "Pc": 3531.5,
        "Tt": 286.40000000000003,
        "Pt": 0.58008500237559,
        "rhot_l": 866.8377281822407,
        "rhot_v": 0.025888182751534903,
        "P_min": 1e-05,
        "P_max": 200000.0,
        "rho_max": 1083.5471602278008,
        "T_min": 286.40000000000003,
        "T_max": 700
    },
    "eos": {
        "reference": [
            "Zhou-JPCRD-2012"
        ],
        "ideal_terms": [
            {
                "ideal_type": 1,
                "a": [
                    5.9815241,
                    -0.52477835
                ]
            },
            {
                "ideal_type": 2,
                "a": 4.2430504
            },
            {
                "ideal_type": 3,
                "n": [
                    5.2291378,
                    19.549862,
                    16.656178,
                    5.9390291
                ],
                "t": [
                    0.6718946780748107,
                    2.038405110294595,
                    4.299152179275782,
                    10.84282208748263
                ]
            }
        ],
        "residual_terms": [
            {
                "residual_type": 1,
                "n": [
                    0.0010786811,
                    -0.103161822,
                    0.0421544125,
                    1.47865376,
                    -2.4266,
                    -0.46575193,
                    0.190290995
                ],
                "d": [
                    5,
                    1,
                    4,
                    1,
                    1,
                    2,
                    3
                ],
                "t": [
                    1,
                    0.83,
                    0.83,
                    0.281,
                    0.932,
                    1.1,
                    0.443
                ]
            },
            {
                "residual_type": 7,
                "n": [
                    -1.06376565,
                    -0.209934069,
                    1.25159879,
                    -0.951328356,
                    -0.0269980032
                ],
                "d": [
                    1,
                    3,
                    2,
                    2,
                    7
                ],
                "t": [
                    2.62,
                    2.5,
                    1.2,
                    3,
                    0.778
                ],
                "l": [
                    2,
                    2,
                    1,
                    2,
                    1
                ],
                "g": [
                    1.0,
                    1.0,
                    1.0,
                    1.0,
                    1.0
                ]
            },
            {
                "residual_type": 2,
                "n": [
                    1.3710318,
                    -0.494160616,
                    -0.0724317468,
                    -3.69464746
                ],
                "d": [
                    1,
                    1,
                    3,
                    3
                ],
                "t": [
                    1.13,
                    4.5,
                    2.2,
                    2
                ],
                "a": [
                    1.179,
                    1.065,
                    1.764,
                    13.675
                ],
                "b": [
                    2.445,
                    1.483,
                    4.971,
                    413
                ],
                "e": [
                    0.54944,
                    0.7234,
                    0.4926,
                    0.8459
                ],
                "g": [
                    1.267,
                    0.4242,
                    0.864,
                    1.1465
                ]
            }
        ]
    },
    "aux": {
        "delta_l_sat_approx": {
            "type": 1,
            "n": {
                "1": 0.056706544072533206,
                "2": 2.34587948519851,
                "3": 0.15533070291116807,
                "4": 26.985091589824126,
                "5": -1912.6053845039978,
                "6": 2496.549996560909
            },
            "t": {
                "1": 0.097,
                "2": 0.41,
                "3": 0.617,
                "4": 6.974,
                "5": 11.02,
                "6": 11.7
            }
        },
        "delta_v_sat_approx": {
            "type": 3,
            "n": {
                "1": -140.15017077353872,
                "2": 166.06393987589922,
                "3": -51.309204629695124,
                "4": 20.70756142612646,
                "5": -2.7902945630383784,
                "6": -2.9836742600472896
            },
            "t": {
                "1": 0.395,
                "2": 0.408,
                "3": 0.546,
                "4": 0.651,
                "5": 2.515,
                "6": 3.948
            }
        }
    }
}
