{
    "nl_file": "p-xylene_expressions_eos.nl",
    "expr_map": [
        0,
        1,
        2,
        3,
        4,
        13,
        5,
        6,
        7,
        8,
        9,
        10,
        12,
        11
    ],
    "var_map": [
        0,
        1,
        1000,
        1000
    ],
    "param": {
        "R": 0.07831650732350587,
        "MW": 106.16499999999999,
        "T_star": 616.168,
        "rho_star": 286.00001679999997,
        "Tc": 616.168,
        "rhoc": 286.00001679999997,
        "Pc": 3531.520933439369,
        "Tt": 286.40000000000003,
        "Pt": 0.58008500237559,
        "rhot_l": 866.8377281822407,
        "rhot_v": 0.025888182751534903,
        "P_min": 1e-05,
        "P_max": 200000.0,
        "rho_max": 289.68532596687476,
        "T_min": 286.40000000000003,
        "T_max": 700,
        "reference_state_offset": [
            0.0,
            0.0
        ]
    },
    "have_tcx": false,
    "have_st": false,
    "have_visc": false
}