{
    "nl_file": "parahydrogen_expressions_eos.nl",
    "expr_map": [
        0,
        1,
        2,
        3,
        4,
        13,
        5,
        6,
        7,
        8,
        9,
        10,
        12,
        11
    ],
    "var_map": [
        0,
        1,
        1000,
        1000
    ],
    "param": {
        "R": 4.124487568704487,
        "MW": 2.0158799999999997,
        "T_star": 32.938,
        "rho_star": 31.322743439999996,
        "Tc": 32.938,
        "rhoc": 31.322743439999996,
        "Pc": 1285.8035649851397,
        "Tt": 13.8033,
        "Pt": 7.041086751499288,
        "rhot_l": 76.97707712534583,
        "rhot_v": 0.1255498372302586,
        "P_min": 1e-05,
        "P_max": 2000000.0,
        "rho_max": 32.160057368786475,
        "T_min": 13.8033,
        "T_max": 1000,
        "reference_state_offset": [
            0.0,
            0.0
        ]
    },
    "have_tcx": false,
    "have_st": false,
    "have_visc": false
}