{
    "comp": "paradeuterium",
    "basic": {
        "R": 2.0640638746834816,
        "MW": 4.0282,
        "T_star": 38.34,
        "rho_star": 69.405886,
        "Tc": 38.34,
        "rhoc": 69.405886,
        "Pc": 1679.6,
        "Tt": 18.724,
        "Pt": 17.18910197754122,
        "rhot_l": 174.62617953054004,
        "rhot_v": 0.4550111278218807,
        "P_min": 1e-05,
        "P_max": 2000000.0,
        "rho_max": 218.28272441317506,
        "T_min": 18.724,
        "T_max": 600
    },
    "eos": {
        "reference": [
            "Richardson-JPCRD-2013"
        ],
        "ideal_terms": [
            {
                "ideal_type": 1,
                "a": [
                    -2.0683998716,
                    2.4241000701
                ]
            },
            {
                "ideal_type": 2,
                "a": 1.5
            },
            {
                "ideal_type": 3,
                "n": [
                    1.28527,
                    1.11376,
                    -2.491,
                    6.38763,
                    6.17406,
                    -3.13698,
                    -3.14254,
                    -2.29511,
                    -3.37,
                    1.13634,
                    0.72512
                ],
                "t": [
                    132.1857068335941,
                    26.10328638497652,
                    6.820552947313511,
                    11.40323422013563,
                    8.145539906103286,
                    9.984350547730829,
                    9.30620761606677,
                    7.686489306207615,
                    17.79864371413667,
                    6.416275430359937,
                    7.227438706311946
                ]
            }
        ],
        "residual_terms": [
            {
                "residual_type": 1,
                "n": [
                    0.006267958,
                    10.53609,
                    -10.14149,
                    0.356061,
                    0.1824472,
                    -1.129638,
                    -0.0549812,
                    -0.6791329
                ],
                "d": [
                    4,
                    1,
                    1,
                    2,
                    3,
                    1,
                    3,
                    2
                ],
                "t": [
                    1,
                    0.462,
                    0.5584,
                    0.627,
                    1.201,
                    0.309,
                    1.314,
                    1.1166
                ]
            },
            {
                "residual_type": 7,
                "n": [
                    1.347918,
                    -0.8657582,
                    1.719146,
                    -1.917977,
                    0.1233365,
                    -0.07936891
                ],
                "d": [
                    2,
                    2,
                    1,
                    1,
                    3,
                    2
                ],
                "t": [
                    1.25,
                    1.25,
                    1.395,
                    1.627,
                    1,
                    2.5
                ],
                "l": [
                    1,
                    1,
                    2,
                    2,
                    2,
                    2
                ],
                "g": [
                    1.0,
                    1.0,
                    1.0,
                    1.0,
                    1.0,
                    1.0
                ]
            },
            {
                "residual_type": 2,
                "n": [
                    1.686617,
                    -4.240326,
                    1.857114,
                    -0.5903705,
                    1.520171,
                    2.361373,
                    -2.297315
                ],
                "d": [
                    1,
                    1,
                    2,
                    3,
                    3,
                    1,
                    3
                ],
                "t": [
                    0.635,
                    0.664,
                    0.7082,
                    2.25,
                    1.524,
                    0.67,
                    0.709
                ],
                "a": [
                    0.868,
                    0.636,
                    0.668,
                    0.65,
                    0.745,
                    0.782,
                    0.693
                ],
                "b": [
                    0.613,
                    0.584,
                    0.57,
                    1.056,
                    1.01,
                    1.025,
                    1.029
                ],
                "e": [
                    1.46,
                    1.7864,
                    1.647,
                    0.541,
                    0.969,
                    1.892,
                    1.076
                ],
                "g": [
                    0.6306,
                    0.711,
                    0.6446,
                    0.8226,
                    0.992,
                    1.2184,
                    1.203
                ]
            }
        ]
    },
    "aux": {
        "delta_l_sat_approx": {
            "type": 1,
            "n": {
                "1": 5.337218502231972,
                "2": -37.730569203923736,
                "3": 56.189484760644554,
                "4": -21.538412148225337,
                "5": -0.63373056265043,
                "6": 48.064086849218086
            },
            "t": {
                "1": 0.558,
                "2": 0.941,
                "3": 0.992,
                "4": 1.011,
                "5": 4.008,
                "6": 13.336
            }
        },
        "delta_v_sat_approx": {
            "type": 3,
            "n": {
                "1": -1.9157967271957959,
                "2": -2.9712091246582273,
                "3": 237.43334304651742,
                "4": -236.01792469812253,
                "5": 4664.0401630139195,
                "6": -8793.218613656329
            },
            "t": {
                "1": 0.494,
                "2": 0.62,
                "3": 1.003,
                "4": 1.005,
                "5": 19.21,
                "6": 19.85
            }
        }
    }
}
