{
    "comp": "parahydrogen",
    "basic": {
        "R": 4.124487568704487,
        "MW": 2.0158799999999997,
        "T_star": 32.938,
        "rho_star": 31.322743439999996,
        "Tc": 32.938,
        "rhoc": 31.322743439999996,
        "Pc": 1285.8,
        "Tt": 13.8033,
        "Pt": 7.041086751499288,
        "rhot_l": 76.97707712534583,
        "rhot_v": 0.1255498372302586,
        "P_min": 1e-05,
        "P_max": 2000000.0,
        "rho_max": 96.22134640668229,
        "T_min": 13.8033,
        "T_max": 1000
    },
    "eos": {
        "reference": [
            "Leachman-JPCRD-2009"
        ],
        "ideal_terms": [
            {
                "ideal_type": 1,
                "a": [
                    -1.4485891134,
                    1.884521239
                ]
            },
            {
                "ideal_type": 2,
                "a": 1.5
            },
            {
                "ideal_type": 5,
                "n": [
                    4.30256,
                    13.0289,
                    -47.7365,
                    50.0013,
                    -18.6261,
                    0.993973,
                    0.536078
                ],
                "t": [
                    499,
                    826.5,
                    970.8,
                    1166.2,
                    1341.4,
                    5395,
                    10185
                ]
            }
        ],
        "residual_terms": [
            {
                "residual_type": 1,
                "n": [
                    -7.33375,
                    0.01,
                    2.60375,
                    4.66279,
                    0.68239,
                    -1.47078,
                    0.135801
                ],
                "d": [
                    1,
                    4,
                    1,
                    1,
                    2,
                    2,
                    3
                ],
                "t": [
                    0.6855,
                    1,
                    1,
                    0.489,
                    0.774,
                    1.133,
                    1.386
                ]
            },
            {
                "residual_type": 7,
                "n": [
                    -1.05327,
                    0.328239
                ],
                "d": [
                    1,
                    3
                ],
                "t": [
                    1.619,
                    1.162
                ],
                "l": [
                    1,
                    1
                ],
                "g": [
                    1.0,
                    1.0
                ]
            },
            {
                "residual_type": 2,
                "n": [
                    -0.0577833,
                    0.0449743,
                    0.0703464,
                    -0.0401766,
                    0.11951
                ],
                "d": [
                    2,
                    1,
                    3,
                    1,
                    1
                ],
                "t": [
                    3.96,
                    5.276,
                    0.99,
                    6.791,
                    3.19
                ],
                "a": [
                    1.7437,
                    0.5516,
                    0.0634,
                    2.1341,
                    1.777
                ],
                "b": [
                    0.194,
                    0.2019,
                    0.0301,
                    0.2383,
                    0.3253
                ],
                "e": [
                    1.5487,
                    0.1785,
                    1.28,
                    0.6319,
                    1.7104
                ],
                "g": [
                    0.8048,
                    1.5248,
                    0.6648,
                    0.6832,
                    1.493
                ]
            }
        ]
    },
    "aux": {
        "delta_l_sat_approx": {
            "type": 1,
            "n": {
                "1": 2.42209314197553,
                "2": -0.8105757647156946,
                "3": 5.292441752641816,
                "4": -801.4099838859875,
                "5": 965.4158391322754,
                "6": -2288.927990716296
            },
            "t": {
                "1": 0.44,
                "2": 0.833,
                "3": 4.399,
                "4": 8.501,
                "5": 8.893,
                "6": 17.08
            }
        },
        "delta_v_sat_approx": {
            "type": 3,
            "n": {
                "1": -5.1023908882756785,
                "2": 15.472633152203006,
                "3": -25.539938117401427,
                "4": 65.8971290411631,
                "5": -53.56192274807538,
                "6": -9.178291109165437
            },
            "t": {
                "1": 0.533,
                "2": 1.001,
                "3": 1.276,
                "4": 1.876,
                "5": 1.958,
                "6": 19.379
            }
        }
    }
}
