{
    "nl_file": "propylene_expressions_eos.nl",
    "expr_map": [
        0,
        1,
        2,
        3,
        4,
        13,
        5,
        6,
        7,
        8,
        9,
        10,
        12,
        11
    ],
    "var_map": [
        0,
        1,
        1000,
        1000
    ],
    "param": {
        "R": 0.19758848319880307,
        "MW": 42.079739999999994,
        "T_star": 364.211,
        "rho_star": 229.62914117999998,
        "Tc": 364.211,
        "rhoc": 229.62914117999998,
        "Pc": 4554.992755054718,
        "Tt": 87.953,
        "Pt": 7.469480313533406e-07,
        "rhot_l": 768.1472556192734,
        "rhot_v": 4.29940948908352e-08,
        "P_min": 1e-05,
        "P_max": 1000000.0,
        "rho_max": 232.18552698700546,
        "T_min": 87.953,
        "T_max": 575,
        "reference_state_offset": [
            0.0,
            0.0
        ]
    },
    "have_tcx": false,
    "have_st": false,
    "have_visc": false
}