{
    "nl_file": "r113_expressions_eos.nl",
    "expr_map": [
        0,
        1,
        2,
        3,
        4,
        13,
        5,
        6,
        7,
        8,
        9,
        10,
        12,
        11
    ],
    "var_map": [
        0,
        1,
        1000,
        1000
    ],
    "param": {
        "R": 0.044373427618412266,
        "MW": 187.375,
        "T_star": 487.21,
        "rho_star": 560.0000000000001,
        "Tc": 487.21,
        "rhoc": 560.0000000000001,
        "Pc": 3392.2662963795337,
        "Tt": 236.93,
        "Pt": 1.8714275472708046,
        "rhot_l": 1704.8762391291416,
        "rhot_v": 0.17837982990597173,
        "P_min": 1e-05,
        "P_max": 200000.0,
        "rho_max": 561.4512534281284,
        "T_min": 236.93,
        "T_max": 525,
        "reference_state_offset": [
            0.0,
            0.0
        ]
    },
    "have_tcx": false,
    "have_st": false,
    "have_visc": false
}