{
    "nl_file": "r115_expressions_eos.nl",
    "expr_map": [
        0,
        1,
        2,
        3,
        4,
        13,
        5,
        6,
        7,
        8,
        9,
        10,
        12,
        11
    ],
    "var_map": [
        0,
        1,
        1000,
        1000
    ],
    "param": {
        "R": 0.053826989162485656,
        "MW": 154.46641599999998,
        "T_star": 353.1,
        "rho_star": 614.77633568,
        "Tc": 353.1,
        "rhoc": 614.77633568,
        "Pc": 3129.0369369868195,
        "Tt": 173.57,
        "Pt": 2.1782318283617785,
        "rhot_l": 1745.4031870633212,
        "rhot_v": 0.23365164495776788,
        "P_min": 1e-05,
        "P_max": 60000.0,
        "rho_max": 614.77633568,
        "T_min": 173.57,
        "T_max": 550,
        "reference_state_offset": [
            0.0,
            0.0
        ]
    },
    "have_tcx": false,
    "have_st": false,
    "have_visc": false
}