{
    "comp": "r116",
    "basic": {
        "R": 0.06024463701732214,
        "MW": 138.01182,
        "T_star": 293.03,
        "rho_star": 613.32452808,
        "Tc": 293.03,
        "rhoc": 613.32452808,
        "Pc": 3048.0,
        "Tt": 173.10000000000002,
        "Pt": 26.083734154671692,
        "rhot_l": 1698.0993686649024,
        "rhot_v": 2.5445855465512017,
        "P_min": 1e-05,
        "P_max": 50000.0,
        "rho_max": 2122.624210831128,
        "T_min": 173.10000000000002,
        "T_max": 425
    },
    "eos": {
        "reference": [
            "Lemmon-JCED-2006"
        ],
        "ideal_terms": [
            {
                "ideal_type": 1,
                "a": [
                    -10.7088650331,
                    8.9148979056
                ]
            },
            {
                "ideal_type": 2,
                "a": 3
            },
            {
                "ideal_type": 3,
                "n": [
                    2.4818,
                    7.0622,
                    7.9951
                ],
                "t": [
                    0.6483977749718459,
                    2.122649558065727,
                    5.016551206361124
                ]
            }
        ],
        "residual_terms": [
            {
                "residual_type": 1,
                "n": [
                    1.1632,
                    -2.8123,
                    0.77202,
                    -0.14331,
                    0.10227,
                    0.00024629
                ],
                "d": [
                    1,
                    1,
                    1,
                    2,
                    3,
                    7
                ],
                "t": [
                    0.25,
                    1.125,
                    1.5,
                    1.375,
                    0.25,
                    0.875
                ]
            },
            {
                "residual_type": 7,
                "n": [
                    0.30893,
                    -0.028499,
                    -0.30343,
                    -0.068793,
                    -0.027218,
                    0.010665
                ],
                "d": [
                    2,
                    5,
                    1,
                    4,
                    3,
                    4
                ],
                "t": [
                    0.625,
                    1.75,
                    3.625,
                    3.625,
                    14.5,
                    12
                ],
                "l": [
                    1,
                    1,
                    2,
                    2,
                    3,
                    3
                ],
                "g": [
                    1.0,
                    1.0,
                    1.0,
                    1.0,
                    1.0,
                    1.0
                ]
            }
        ]
    },
    "aux": {
        "delta_l_sat_approx": {
            "type": 1,
            "n": {
                "1": 9.032000509756,
                "2": -9.139042989359975,
                "3": 4.35812391046927,
                "4": -10.172985836578453,
                "5": 3844.9059901716128,
                "6": -8268.03247405404
            },
            "t": {
                "1": 0.481,
                "2": 0.603,
                "3": 1.19,
                "4": 3.414,
                "5": 9.072,
                "6": 10.136
            }
        },
        "delta_v_sat_approx": {
            "type": 3,
            "n": {
                "1": -3.2238759240828108,
                "2": -2.882263657854913,
                "3": 8.52221952834173,
                "4": -9.783624985988958,
                "5": -19811843.680679295,
                "6": 33374328.47668358
            },
            "t": {
                "1": 0.42,
                "2": 1.175,
                "3": 2.321,
                "4": 2.482,
                "5": 19.211,
                "6": 19.828
            }
        }
    }
}
