{
    "nl_file": "r116_expressions_eos.nl",
    "expr_map": [
        0,
        1,
        2,
        3,
        4,
        13,
        5,
        6,
        7,
        8,
        9,
        10,
        12,
        11
    ],
    "var_map": [
        0,
        1,
        1000,
        1000
    ],
    "param": {
        "R": 0.06024463701732214,
        "MW": 138.01182,
        "T_star": 293.03,
        "rho_star": 613.32452808,
        "Tc": 293.03,
        "rhoc": 613.32452808,
        "Pc": 3047.675824926755,
        "Tt": 173.10000000000002,
        "Pt": 26.083734154671692,
        "rhot_l": 1698.0993686649024,
        "rhot_v": 2.5445855465512017,
        "P_min": 1e-05,
        "P_max": 50000.0,
        "rho_max": 621.2227798954101,
        "T_min": 173.10000000000002,
        "T_max": 425,
        "reference_state_offset": [
            0.0,
            0.0
        ]
    },
    "have_tcx": false,
    "have_st": false,
    "have_visc": false
}