{
    "comp": "r1234yf",
    "basic": {
        "R": 0.072907277852994,
        "MW": 114.0416,
        "T_star": 367.85,
        "rho_star": 476.693888,
        "Tc": 367.85,
        "rhoc": 476.693888,
        "Pc": 3384.4,
        "Tt": 121.6,
        "Pt": 0.0004127,
        "rhot_l": 1577.8334021561602,
        "rhot_v": 4.6549500288e-05,
        "P_min": 1e-05,
        "P_max": 100000.0,
        "rho_max": 1972.2917526952003,
        "T_min": 220,
        "T_max": 410
    },
    "eos": {
        "reference": [
            "Lemmon-IJT-2022"
        ],
        "ideal_terms": [
            {
                "ideal_type": 1,
                "a": [
                    -12.081525543189,
                    8.52896238365
                ]
            },
            {
                "ideal_type": 2,
                "a": 3.0
            },
            {
                "ideal_type": 3,
                "n": [
                    8.65,
                    9.75,
                    2.11
                ],
                "t": [
                    1.3918716868288703,
                    4.268044039690091,
                    12.233247247519369
                ]
            }
        ],
        "residual_terms": [
            {
                "residual_type": 1,
                "n": [
                    0.0340387,
                    1.912859,
                    -2.1984719881617,
                    -0.8147645305033,
                    0.2288282
                ],
                "d": [
                    4,
                    1,
                    1,
                    2,
                    3
                ],
                "t": [
                    1.0,
                    0.222,
                    0.61,
                    1.122,
                    0.5
                ]
            },
            {
                "residual_type": 7,
                "n": [
                    -1.65436,
                    -1.446628,
                    0.5961722,
                    -0.6148209,
                    -0.0180069
                ],
                "d": [
                    1,
                    3,
                    2,
                    2,
                    7
                ],
                "t": [
                    2.14,
                    2.284,
                    1.05,
                    2.33,
                    0.778
                ],
                "l": [
                    2,
                    2,
                    1,
                    2,
                    1
                ],
                "g": [
                    1.0,
                    1.0,
                    1.0,
                    1.0,
                    1.0
                ]
            },
            {
                "residual_type": 2,
                "n": [
                    0.2845275,
                    -0.3050809,
                    2.198935,
                    -0.4270329,
                    -0.4015581,
                    0.1179587,
                    -0.3141002
                ],
                "d": [
                    1,
                    1,
                    1,
                    1,
                    1,
                    1,
                    1
                ],
                "t": [
                    1.0,
                    2.0,
                    1.236,
                    1.6,
                    1.85,
                    0.7,
                    1.75
                ],
                "a": [
                    28.1,
                    28.0,
                    1.307,
                    1.96,
                    1.25,
                    1.0,
                    2.2
                ],
                "b": [
                    1016.0,
                    1000.0,
                    1.16,
                    1.2,
                    1.26,
                    1.6,
                    0.87
                ],
                "e": [
                    0.96,
                    0.96,
                    0.853,
                    1.15,
                    1.3,
                    1.5,
                    0.762
                ],
                "g": [
                    1.061,
                    1.062,
                    1.3,
                    1.04,
                    1.0,
                    1.14,
                    1.1
                ]
            }
        ]
    },
    "aux": {
        "delta_l_sat_approx": {
            "type": 1,
            "n": {
                "1": 3.392,
                "2": -4.119,
                "3": 8.932,
                "4": -8.525,
                "5": 3.384
            },
            "t": {
                "1": 0.4,
                "2": 0.7,
                "3": 1.1,
                "4": 1.5,
                "5": 2.1
            }
        },
        "delta_v_sat_approx": {
            "type": 3,
            "n": {
                "1": -3.616,
                "2": -74.91,
                "3": 197.7,
                "4": -152.76,
                "5": -61.062,
                "6": -115.53
            },
            "t": {
                "1": 0.426,
                "2": 2.0,
                "3": 2.4,
                "4": 2.7,
                "5": 7.5,
                "6": 15.0
            }
        }
    }
}
