{
    "comp": "r1234ze(z)",
    "basic": {
        "R": 0.07290725314271283,
        "MW": 114.0416,
        "T_star": 423.27,
        "rho_star": 456.1664,
        "Tc": 423.27,
        "rhoc": 456.1664,
        "Pc": 3530.618026460066,
        "Tt": 273.0,
        "Pt": 67.8491858869218,
        "rhot_l": 1288.486111692539,
        "rhot_v": 3.5437014991501963,
        "P_min": 1e-05,
        "P_max": 34000.0,
        "rho_max": 1610.6076396156736,
        "T_min": 273.0,
        "T_max": 440
    },
    "eos": {
        "reference": [
            "Akasaka-JCED-2019"
        ],
        "ideal_terms": [
            {
                "ideal_type": 1,
                "a": [
                    -2.422442259,
                    8.190539844
                ]
            },
            {
                "ideal_type": 2,
                "a": 3
            },
            {
                "ideal_type": 3,
                "n": [
                    4.2365,
                    13.063
                ],
                "t": [
                    0.047251163559902665,
                    3.154015167623503
                ]
            }
        ],
        "residual_terms": [
            {
                "residual_type": 1,
                "n": [
                    0.03194509,
                    1.394592,
                    -2.300799,
                    -0.2556693,
                    0.1282934
                ],
                "d": [
                    4,
                    1,
                    1,
                    2,
                    3
                ],
                "t": [
                    1.0,
                    0.333,
                    1.0,
                    1.0,
                    0.38
                ]
            },
            {
                "residual_type": 7,
                "n": [
                    -1.335381,
                    -1.366494,
                    0.2004912,
                    -0.6489709,
                    -0.02220033
                ],
                "d": [
                    1,
                    3,
                    2,
                    2,
                    7
                ],
                "t": [
                    2.85,
                    3.16,
                    0.607,
                    2.2,
                    1.0
                ],
                "l": [
                    2,
                    2,
                    1,
                    2,
                    1
                ],
                "g": [
                    1.0,
                    1.0,
                    1.0,
                    1.0,
                    1.0
                ]
            },
            {
                "residual_type": 2,
                "n": [
                    1.66538,
                    0.3427048,
                    -0.6510217,
                    -0.5067066,
                    -0.1231787,
                    0.08828106
                ],
                "d": [
                    1,
                    1,
                    3,
                    2,
                    3,
                    2
                ],
                "t": [
                    1.83,
                    3.3,
                    1.9,
                    2.6,
                    2.9,
                    3.0
                ],
                "a": [
                    1.108,
                    1.579,
                    1.098,
                    0.672,
                    3.38,
                    1.6
                ],
                "b": [
                    0.563,
                    1.724,
                    0.806,
                    0.505,
                    26.4,
                    8.82
                ],
                "e": [
                    0.933,
                    0.786,
                    0.496,
                    0.327,
                    0.523,
                    0.308
                ],
                "g": [
                    1.246,
                    1.05,
                    1.0,
                    0.677,
                    1.302,
                    1.274
                ]
            }
        ]
    },
    "aux": {
        "delta_l_sat_approx": {
            "type": 1,
            "n": {
                "1": 2.8054215733649555,
                "2": -0.5782847268115662,
                "3": 6.657750631664868,
                "4": -28488.415580838606,
                "5": 68499.04449007797,
                "6": -85980.39928084945
            },
            "t": {
                "1": 0.414,
                "2": 0.901,
                "3": 2.913,
                "4": 8.026,
                "5": 8.631,
                "6": 10.213
            }
        },
        "delta_v_sat_approx": {
            "type": 3,
            "n": {
                "1": -3.8008160798898456,
                "2": -1.14790031265839,
                "3": -281.54354036613495,
                "4": 6472.299051044157,
                "5": -1985193.1508489654,
                "6": 2037392.973112241
            },
            "t": {
                "1": 0.43,
                "2": 0.95,
                "3": 4.5,
                "4": 6.507,
                "5": 8.994,
                "6": 9.048
            }
        }
    }
}
