{
    "comp": "r1233zd(e)",
    "basic": {
        "R": 0.06371421250580477,
        "MW": 130.49620000000002,
        "T_star": 438.86,
        "rho_star": 483.35792480000003,
        "Tc": 438.86,
        "rhoc": 483.35792480000003,
        "Pc": 3582.8,
        "Tt": 165.75,
        "Pt": 0.008627970526720815,
        "rhot_l": 1546.2250922288467,
        "rhot_v": 0.0008170119394065245,
        "P_min": 1e-05,
        "P_max": 100000.0,
        "rho_max": 1932.7813652860584,
        "T_min": 165.75,
        "T_max": 450.0
    },
    "eos": {
        "reference": [
            "Akasaka-JPCRD-2022-R1233zdE"
        ],
        "ideal_terms": [
            {
                "ideal_type": 1,
                "a": [
                    -17.291229931888,
                    10.404947446884
                ]
            },
            {
                "ideal_type": 2,
                "a": 3.0
            },
            {
                "ideal_type": 3,
                "n": [
                    13.7,
                    7.0974
                ],
                "t": [
                    1.7340381898555348,
                    6.539670965683817
                ]
            }
        ],
        "residual_terms": [
            {
                "residual_type": 1,
                "n": [
                    0.04394257,
                    1.062919,
                    -1.2879140374971,
                    -0.8088618920845,
                    0.2372427
                ],
                "d": [
                    4.0,
                    1.0,
                    1.0,
                    2.0,
                    3.0
                ],
                "t": [
                    1.0,
                    0.182,
                    0.865,
                    1.0924,
                    0.49
                ]
            },
            {
                "residual_type": 7,
                "n": [
                    -1.9403,
                    -2.831967,
                    0.373421,
                    -1.515798,
                    -0.02755627
                ],
                "d": [
                    1.0,
                    3.0,
                    2.0,
                    2.0,
                    7.0
                ],
                "t": [
                    1.958,
                    2.05,
                    0.658,
                    2.051,
                    0.862
                ],
                "l": [
                    2.0,
                    2.0,
                    1.0,
                    2.0,
                    1.0
                ],
                "g": [
                    1.0,
                    1.0,
                    1.0,
                    1.0,
                    1.0
                ]
            },
            {
                "residual_type": 2,
                "n": [
                    4.24023,
                    -0.03152671,
                    -1.366494,
                    2.647143,
                    -2.325463,
                    -0.2541521,
                    0.1330834,
                    -0.1569217
                ],
                "d": [
                    1.0,
                    2.0,
                    3.0,
                    1.0,
                    1.0,
                    1.0,
                    1.0,
                    1.0
                ],
                "t": [
                    1.852,
                    1.92,
                    1.936,
                    1.515,
                    2.668,
                    1.755,
                    0.526,
                    2.98
                ],
                "a": [
                    1.532,
                    0.635,
                    1.4056,
                    1.451,
                    1.395,
                    2.259,
                    24.3,
                    23.6
                ],
                "b": [
                    0.2912,
                    0.6245,
                    0.669,
                    0.5798,
                    0.4643,
                    2.449,
                    1061.4,
                    917.8
                ],
                "e": [
                    0.8834,
                    1.386,
                    0.5196,
                    1.133,
                    0.9788,
                    1.166,
                    0.9244,
                    0.9372
                ],
                "g": [
                    1.7171,
                    0.63,
                    0.7852,
                    2.251,
                    1.821,
                    2.074,
                    1.0797,
                    1.084
                ]
            }
        ]
    },
    "aux": {
        "delta_l_sat_approx": {
            "type": 1,
            "n": {
                "1": 0.61448,
                "2": 2.6345,
                "3": -1.316,
                "4": 0.86885,
                "5": 0.34071
            },
            "t": {
                "1": 0.22,
                "2": 0.55,
                "3": 0.94,
                "4": 1.4,
                "5": 6.8
            }
        },
        "delta_v_sat_approx": {
            "type": 2,
            "n": {
                "1": -0.80785,
                "2": -3.2355,
                "3": -2.7567,
                "4": -10.863,
                "5": -33.456,
                "6": -69.31
            },
            "t": {
                "1": 0.24,
                "2": 0.59,
                "3": 1.0,
                "4": 2.2,
                "5": 4.7,
                "6": 9.0
            }
        }
    }
}
