{
    "nl_file": "r1233zd(e)_expressions_eos.nl",
    "expr_map": [
        0,
        1,
        2,
        3,
        4,
        13,
        5,
        6,
        7,
        8,
        9,
        10,
        12,
        11
    ],
    "var_map": [
        0,
        1,
        1000,
        1000
    ],
    "param": {
        "R": 0.06371421250580477,
        "MW": 130.49620000000002,
        "T_star": 438.86,
        "rho_star": 483.35792480000003,
        "Tc": 438.86,
        "rhoc": 483.35792480000003,
        "Pc": 3582.7528538190195,
        "Tt": 165.75,
        "Pt": 0.008627970526720815,
        "rhot_l": 1546.2250922288467,
        "rhot_v": 0.0008170119394065245,
        "P_min": 1e-05,
        "P_max": 100000.0,
        "rho_max": 483.35792480000003,
        "T_min": 165.75,
        "T_max": 450.0,
        "reference_state_offset": [
            0.0,
            0.0
        ]
    },
    "have_tcx": false,
    "have_st": false,
    "have_visc": false
}