{
    "nl_file": "r1234yf_expressions_eos.nl",
    "expr_map": [
        0,
        1,
        2,
        3,
        4,
        13,
        5,
        6,
        7,
        8,
        9,
        10,
        12,
        11
    ],
    "var_map": [
        0,
        1,
        1000,
        1000
    ],
    "param": {
        "R": 0.072907277852994,
        "MW": 114.0416,
        "T_star": 367.85,
        "rho_star": 476.693888,
        "Tc": 367.85,
        "rhoc": 476.693888,
        "Pc": 3384.373661725978,
        "Tt": 121.6,
        "Pt": 0.0004127,
        "rhot_l": 1577.8334021561602,
        "rhot_v": 4.6549500288e-05,
        "P_min": 1e-05,
        "P_max": 100000.0,
        "rho_max": 476.693888,
        "T_min": 121.6,
        "T_max": 410,
        "reference_state_offset": [
            0.0,
            0.0
        ]
    },
    "have_tcx": false,
    "have_st": false,
    "have_visc": false
}