{
    "nl_file": "r1234ze(z)_expressions_eos.nl",
    "expr_map": [
        0,
        1,
        2,
        3,
        4,
        13,
        5,
        6,
        7,
        8,
        9,
        10,
        12,
        11
    ],
    "var_map": [
        0,
        1,
        1000,
        1000
    ],
    "param": {
        "R": 0.07290725314271283,
        "MW": 114.0416,
        "T_star": 423.27,
        "rho_star": 456.1664,
        "Tc": 423.27,
        "rhoc": 456.1664,
        "Pc": 3530.6179911536515,
        "Tt": 273.0,
        "Pt": 67.8491858869218,
        "rhot_l": 1288.486111692539,
        "rhot_v": 3.5437014991501963,
        "P_min": 1e-05,
        "P_max": 34000.0,
        "rho_max": 481.85009309635257,
        "T_min": 273.0,
        "T_max": 440,
        "reference_state_offset": [
            0.0,
            0.0
        ]
    },
    "have_tcx": false,
    "have_st": false,
    "have_visc": false
}