{
    "nl_file": "r1243zf_expressions_eos.nl",
    "expr_map": [
        0,
        1,
        2,
        3,
        4,
        13,
        5,
        6,
        7,
        8,
        9,
        10,
        12,
        11
    ],
    "var_map": [
        0,
        1,
        1000,
        1000
    ],
    "param": {
        "R": 0.08656288185261331,
        "MW": 96.05113,
        "T_star": 376.93,
        "rho_star": 413.019859,
        "Tc": 376.93,
        "rhoc": 413.019859,
        "Pc": 3513.6673314054883,
        "Tt": 122.35,
        "Pt": 0.00037275462680855156,
        "rhot_l": 1396.8783184557935,
        "rhot_v": 3.5195775211602936e-05,
        "P_min": 1e-05,
        "P_max": 35000.0,
        "rho_max": 413.019859,
        "T_min": 122.35,
        "T_max": 430.0,
        "reference_state_offset": [
            0.0,
            0.0
        ]
    },
    "have_tcx": false,
    "have_st": false,
    "have_visc": false
}