{
    "comp": "r1243zf",
    "basic": {
        "R": 0.08656288185261331,
        "MW": 96.05113,
        "T_star": 376.93,
        "rho_star": 413.019859,
        "Tc": 376.93,
        "rhoc": 413.019859,
        "Pc": 3513.7,
        "Tt": 122.35,
        "Pt": 0.00037275462680855156,
        "rhot_l": 1396.8783184557935,
        "rhot_v": 3.5195775211602936e-05,
        "P_min": 1e-05,
        "P_max": 35000.0,
        "rho_max": 1746.0978980697419,
        "T_min": 220,
        "T_max": 430.0
    },
    "eos": {
        "reference": [
            "Akasaka-IJT-2025-R1243zf"
        ],
        "ideal_terms": [
            {
                "ideal_type": 1,
                "a": [
                    -12.2722866918,
                    8.2858157407
                ]
            },
            {
                "ideal_type": 2,
                "a": 3.0
            },
            {
                "ideal_type": 3,
                "n": [
                    13.285,
                    7.67
                ],
                "t": [
                    2.328283766216539,
                    9.451357015891544
                ]
            }
        ],
        "residual_terms": [
            {
                "residual_type": 1,
                "n": [
                    0.02626021,
                    0.701348,
                    -0.6180002748076,
                    0.1916400159007,
                    0.0762,
                    -0.795
                ],
                "d": [
                    4,
                    1,
                    1,
                    2,
                    3,
                    2
                ],
                "t": [
                    1.0,
                    0.12425,
                    1.0096,
                    0.271875,
                    0.405,
                    1.07288
                ]
            },
            {
                "residual_type": 7,
                "n": [
                    -0.8537,
                    -0.3531,
                    -0.07971,
                    -0.05411,
                    -0.0424
                ],
                "d": [
                    1,
                    1,
                    1,
                    2,
                    3
                ],
                "t": [
                    1.45525,
                    2.105,
                    6.07,
                    5.794375,
                    4.094
                ],
                "l": [
                    1,
                    2,
                    3,
                    3,
                    3
                ],
                "g": [
                    1.0,
                    1.0,
                    1.0,
                    0.66,
                    0.33
                ]
            },
            {
                "residual_type": 2,
                "n": [
                    -0.06774,
                    -0.01032,
                    -0.1184,
                    -0.1135
                ],
                "d": [
                    1,
                    2,
                    1,
                    1
                ],
                "t": [
                    1.029,
                    1.65,
                    1.62,
                    1.653125
                ],
                "a": [
                    0.78,
                    2.796,
                    1.643,
                    3.03
                ],
                "b": [
                    0.0,
                    0.0,
                    1.86,
                    2.03
                ],
                "e": [
                    1.09375,
                    1.0392,
                    -0.3076,
                    -0.426
                ],
                "g": [
                    1.0,
                    1.0,
                    0.80625,
                    1.16
                ]
            }
        ]
    },
    "aux": {
        "delta_l_sat_approx": {
            "type": 1,
            "n": {
                "1": 1.2627,
                "2": 2.6023,
                "3": -2.4034,
                "4": 1.637,
                "5": 0.29192
            },
            "t": {
                "1": 0.258,
                "2": 0.82,
                "3": 1.43,
                "4": 2.11,
                "5": 8.4
            }
        },
        "delta_v_sat_approx": {
            "type": 2,
            "n": {
                "1": -1.6776,
                "2": -6.5573,
                "3": -14.195,
                "4": -33.488,
                "5": -49.802,
                "6": -127.65
            },
            "t": {
                "1": 0.28,
                "2": 0.96,
                "3": 2.78,
                "4": 5.38,
                "5": 9.36,
                "6": 16.6
            }
        }
    }
}
