{
    "nl_file": "r124_expressions_eos.nl",
    "expr_map": [
        0,
        1,
        2,
        3,
        4,
        13,
        5,
        6,
        7,
        8,
        9,
        10,
        12,
        11
    ],
    "var_map": [
        0,
        1,
        1000,
        1000
    ],
    "param": {
        "R": 0.06092249784211459,
        "MW": 136.4762,
        "T_star": 395.425,
        "rho_star": 560.0,
        "Tc": 395.425,
        "rhoc": 560.0,
        "Pc": 3624.279772081138,
        "Tt": 120.0,
        "Pt": 2.6738623617928324e-05,
        "rhot_l": 1852.7473667638615,
        "rhot_v": 3.6574432668932305e-06,
        "P_min": 1e-05,
        "P_max": 40000.0,
        "rho_max": 560.0,
        "T_min": 120.0,
        "T_max": 470,
        "reference_state_offset": [
            0.0,
            0.0
        ]
    },
    "have_tcx": false,
    "have_st": false,
    "have_visc": false
}