{
    "comp": "r125",
    "basic": {
        "R": 0.06927490430873161,
        "MW": 120.0214,
        "T_star": 339.173,
        "rho_star": 573.5822706,
        "Tc": 339.173,
        "rhoc": 573.5822706,
        "Pc": 3617.7,
        "Tt": 172.52,
        "Pt": 2.914,
        "rhot_l": 0.2446036132,
        "rhot_v": 1690.6214404,
        "P_min": 1e-9,
        "P_max": 7e4,
        "rho_max": 2500.0,
        "T_min": 130,
        "T_max": 450
    },
    "eos": {
        "reference": [
            "Lemmon, E.W., R.T. Jacobsen. A New Functional Form and New Fitting Techniques",
            "    for Equations of State with Application to Pentafluoroethane (HFC-125),",
            "    J. Phys. Chem. Ref. Data, Vol. 34, No. 1, 2005"
        ],
        "c": {
            "6": 1,
            "7": 1,
            "8": 1,
            "9": 1,
            "10": 1,
            "11": 1,
            "12": 1,
            "13": 2,
            "14": 2,
            "15": 3,
            "16": 2,
            "17": 3,
            "18": 3
        },
        "b": {
            "16": 1.7,
            "17": 7.0,
            "18": 6.0
        },
        "d": {
            "1": 1,
            "2": 1,
            "3": 1,
            "4": 2,
            "5": 4,
            "6": 1,
            "7": 1,
            "8": 2,
            "9": 2,
            "10": 3,
            "11": 4,
            "12": 5,
            "13": 1,
            "14": 5,
            "15": 1,
            "16": 2,
            "17": 3,
            "18": 5
        },
        "t": {
            "1": 0.669,
            "2": 1.05,
            "3": 2.75,
            "4": 0.956,
            "5": 1.00,
            "6": 2.00,
            "7": 2.75,
            "8": 2.38,
            "9": 3.37,
            "10": 3.47,
            "11": 2.63,
            "12": 3.45,
            "13": 0.72,
            "14": 4.23,
            "15": 0.20,
            "16": 4.5,
            "17": 29.0,
            "18": 24.0
        },
        "n": {
            "1": 5.28076,
            "2": -8.67658,
            "3": 0.7501127,
            "4": 0.7590023,
            "5": 0.01451899,
            "6": 4.777189,
            "7": -3.330988,
            "8": 3.775673,
            "9": -2.290919,
            "10": 0.8888268,
            "11": -0.6234864,
            "12": -0.04127263,
            "13": -0.08455389,
            "14": -0.1308752,
            "15": 0.008344962,
            "16": -1.532005,
            "17": -0.05883649,
            "18": 0.02296658
        },
        "n0": {
            "1": 37.2674,
            "2": 8.88404,
            "3": -1.0,
            "4": -49.8651,
            "5": 2.303,
            "6": 5.086,
            "7": 7.3
        },
        "g0": {
            "4": -0.1,
            "5": 0.92578,
            "6": 2.22895,
            "7": 5.03283
        },
        "last_term_ideal": [4, 7],
        "last_term_residual": [5, 15, 18],
        "phi_ideal_type": 2,
        "phi_residual_type": 3
    },
    "aux": {
        "reference": [
            "Lemmon, E.W., R.T. Jacobsen. A New Functional Form and New Fitting Techniques",
            "    for Equations of State with Application to Pentafluoroethane (HFC-125),",
            "    J. Phys. Chem. Ref. Data, Vol. 34, No. 1, 2005"
        ],
        "delta_l_sat_approx": {
            "c": 1,
            "n": {
                "1": 1.6684,
                "2": 0.88415,
                "3": 0.44383
            },
            "t": {
                "1": 0.3333333333333333,
                "2": 0.6,
                "3": 2.9
            },
            "type": 1
        },
        "delta_v_sat_approx": {
            "c": 1,
            "n": {
                "1": -2.8403,
                "2": -7.2738,
                "3": -21.890,
                "4": -58.825
            },
            "t": {
                "1": 0.38,
                "2": 1.22,
                "3": 3.3,
                "4": 6.9
            },
            "type": 2
        }
    },
    "transport": {
        "thermal_conductivity": {

        },
        "viscosity": {

        },
        "surface_tension": {
            "reference": [
                "Mulero, A., I. Cachadina, Parra, M., Recommended Correlations for the",
                "    Surface Tension of Common Fluids, J. Phys. Chem. Ref. Data 41, 043105",
                "     (2012)."
            ],
            "Tc": 339.173,
            "s": {
                "0": 52.52
            },
            "n": {
                "0": 1.237
            },
            "type": 1
        }
    }

}