{
    "nl_file": "r12_expressions_eos.nl",
    "expr_map": [
        0,
        1,
        2,
        3,
        4,
        13,
        5,
        6,
        7,
        8,
        9,
        10,
        12,
        11
    ],
    "var_map": [
        0,
        1,
        1000,
        1000
    ],
    "param": {
        "R": 0.06876407830423527,
        "MW": 120.91300000000001,
        "T_star": 385.12,
        "rho_star": 565.0000000000001,
        "Tc": 385.12,
        "rhoc": 565.0000000000001,
        "Pc": 4136.165604419257,
        "Tt": 116.099,
        "Pt": 0.00024255080068811448,
        "rhot_l": 1828.8443482068944,
        "rhot_v": 3.0381796798375655e-05,
        "P_min": 1e-05,
        "P_max": 200000.0,
        "rho_max": 569.4525391055125,
        "T_min": 116.099,
        "T_max": 525,
        "reference_state_offset": [
            0.0,
            0.0
        ]
    },
    "have_tcx": false,
    "have_st": false,
    "have_visc": false
}