{
    "nl_file": "r1336mzz(e)_expressions_eos.nl",
    "expr_map": [
        0,
        1,
        2,
        3,
        4,
        13,
        5,
        6,
        7,
        8,
        9,
        10,
        12,
        11
    ],
    "var_map": [
        0,
        1,
        1000,
        1000
    ],
    "param": {
        "R": 0.05068276886615044,
        "MW": 164.0491,
        "T_star": 403.53,
        "rho_star": 513.3096339,
        "Tc": 403.53,
        "rhoc": 513.3096339,
        "Pc": 2779.002187702681,
        "Tt": 200.15,
        "Pt": 0.6492743290501494,
        "rhot_l": 1577.3927228505258,
        "rhot_v": 0.06406843736512424,
        "P_min": 1e-05,
        "P_max": 5700.0,
        "rho_max": 513.3096339,
        "T_min": 200.15,
        "T_max": 410.0,
        "reference_state_offset": [
            0.0,
            0.0
        ]
    },
    "have_tcx": false,
    "have_st": false,
    "have_visc": false
}