{
    "nl_file": "r13i1_expressions_eos.nl",
    "expr_map": [
        0,
        1,
        2,
        3,
        4,
        13,
        5,
        6,
        7,
        8,
        9,
        10,
        12,
        11
    ],
    "var_map": [
        0,
        1,
        1000,
        1000
    ],
    "param": {
        "R": 0.042440126200548815,
        "MW": 195.9104,
        "T_star": 396.44,
        "rho_star": 868.0006182400001,
        "Tc": 396.44,
        "rhoc": 868.0006182400001,
        "Pc": 3952.5660321932214,
        "Tt": 120,
        "Pt": 0.0004623742427246348,
        "rhot_l": 2752.8449336334193,
        "rhot_v": 9.078982284085821e-05,
        "P_min": 1e-05,
        "P_max": 50000.0,
        "rho_max": 868.0006182400001,
        "T_min": 120,
        "T_max": 420,
        "reference_state_offset": [
            0.0,
            0.0
        ]
    },
    "have_tcx": false,
    "have_st": false,
    "have_visc": false
}