{
    "comp": "r141b",
    "basic": {
        "R": 0.07109447640787546,
        "MW": 116.94962000000001,
        "T_star": 477.5,
        "rho_star": 458.55946002000013,
        "Tc": 477.5,
        "rhoc": 458.55946002000013,
        "Pc": 4212.0,
        "Tt": 169.68,
        "Pt": 0.006492735334262435,
        "rhot_l": 1468.8528233793463,
        "rhot_v": 0.000538244050418357,
        "P_min": 1e-05,
        "P_max": 400000.0,
        "rho_max": 1836.0660292241828,
        "T_min": 169.68,
        "T_max": 500
    },
    "eos": {
        "reference": [
            "Lemmon-JCED-2006"
        ],
        "ideal_terms": [
            {
                "ideal_type": 1,
                "a": [
                    -15.5074814985,
                    9.1871858933
                ]
            },
            {
                "ideal_type": 2,
                "a": 3
            },
            {
                "ideal_type": 3,
                "n": [
                    6.8978,
                    7.8157,
                    3.2039
                ],
                "t": [
                    1.05130890052356,
                    3.290052356020942,
                    9.63979057591623
                ]
            }
        ],
        "residual_terms": [
            {
                "residual_type": 1,
                "n": [
                    1.1469,
                    -3.6799,
                    1.3469,
                    0.083329,
                    0.00025137
                ],
                "d": [
                    1,
                    1,
                    1,
                    3,
                    7
                ],
                "t": [
                    0.25,
                    1.25,
                    1.5,
                    0.25,
                    0.875
                ]
            },
            {
                "residual_type": 7,
                "n": [
                    0.3272,
                    0.46946,
                    -0.029829,
                    -0.31621,
                    -0.026219,
                    -0.078043,
                    -0.020498
                ],
                "d": [
                    1,
                    2,
                    5,
                    1,
                    1,
                    4,
                    2
                ],
                "t": [
                    2.375,
                    2,
                    2.125,
                    3.5,
                    6.5,
                    4.75,
                    12.5
                ],
                "l": [
                    1,
                    1,
                    1,
                    2,
                    2,
                    2,
                    3
                ],
                "g": [
                    1.0,
                    1.0,
                    1.0,
                    1.0,
                    1.0,
                    1.0,
                    1.0
                ]
            }
        ]
    },
    "aux": {
        "delta_l_sat_approx": {
            "type": 1,
            "n": {
                "1": -0.9378377457620258,
                "2": 3.2148374020900103,
                "3": 1.0653350522107268,
                "4": -4378.068628183692,
                "5": 272955.32986322936,
                "6": -277906.31972088123
            },
            "t": {
                "1": 0.29,
                "2": 0.341,
                "3": 2.503,
                "4": 15.166,
                "5": 18.069,
                "6": 18.242
            }
        },
        "delta_v_sat_approx": {
            "type": 3,
            "n": {
                "1": 0.6509988493015847,
                "2": -3.8560643644234873,
                "3": -69.71635657603578,
                "4": 75.36138733740711,
                "5": -12.174836839230538,
                "6": -0.9652029917534032
            },
            "t": {
                "1": 0.279,
                "2": 0.374,
                "3": 1.89,
                "4": 1.986,
                "5": 3.019,
                "6": 8.269
            }
        }
    }
}
