{
    "nl_file": "r141b_expressions_eos.nl",
    "expr_map": [
        0,
        1,
        2,
        3,
        4,
        13,
        5,
        6,
        7,
        8,
        9,
        10,
        12,
        11
    ],
    "var_map": [
        0,
        1,
        1000,
        1000
    ],
    "param": {
        "R": 0.07109447640787546,
        "MW": 116.94962000000001,
        "T_star": 477.5,
        "rho_star": 458.55946002000013,
        "Tc": 477.5,
        "rhoc": 458.55946002000013,
        "Pc": 4211.650259805474,
        "Tt": 169.68,
        "Pt": 0.006492735334262435,
        "rhot_l": 1468.8528233793463,
        "rhot_v": 0.000538244050418357,
        "P_min": 1e-05,
        "P_max": 400000.0,
        "rho_max": 458.55946002000013,
        "T_min": 169.68,
        "T_max": 500,
        "reference_state_offset": [
            0.0,
            0.0
        ]
    },
    "have_tcx": false,
    "have_st": false,
    "have_visc": false
}