{
    "comp": "r142b",
    "basic": {
        "R": 0.08273515615647858,
        "MW": 100.49503,
        "T_star": 410.26,
        "rho_star": 445.99694314,
        "Tc": 410.26,
        "rhoc": 445.99694314,
        "Pc": 4055.0,
        "Tt": 142.72,
        "Pt": 0.0036326514405276063,
        "rhot_l": 1451.049294331034,
        "rhot_v": 0.0003076539710880908,
        "P_min": 1e-05,
        "P_max": 60000.0,
        "rho_max": 1813.8116179137924,
        "T_min": 142.72,
        "T_max": 470
    },
    "eos": {
        "reference": [
            "Lemmon-JCED-2006"
        ],
        "ideal_terms": [
            {
                "ideal_type": 1,
                "a": [
                    -12.6016527149,
                    8.3160183265
                ]
            },
            {
                "ideal_type": 2,
                "a": 3
            },
            {
                "ideal_type": 3,
                "n": [
                    5.0385,
                    6.8356,
                    4.0591,
                    2.8136
                ],
                "t": [
                    1.152927411885146,
                    3.061473212109394,
                    6.086384244137864,
                    16.67235411690148
                ]
            }
        ],
        "residual_terms": [
            {
                "residual_type": 1,
                "n": [
                    1.0038,
                    -2.7662,
                    0.42921,
                    0.081363,
                    0.00024174
                ],
                "d": [
                    1,
                    1,
                    1,
                    3,
                    7
                ],
                "t": [
                    0.25,
                    1.25,
                    1.5,
                    0.25,
                    0.875
                ]
            },
            {
                "residual_type": 7,
                "n": [
                    0.48246,
                    0.75542,
                    -0.00743,
                    -0.4146,
                    -0.016558,
                    -0.10644,
                    -0.021704
                ],
                "d": [
                    1,
                    2,
                    5,
                    1,
                    1,
                    4,
                    2
                ],
                "t": [
                    2.375,
                    2,
                    2.125,
                    3.5,
                    6.5,
                    4.75,
                    12.5
                ],
                "l": [
                    1,
                    1,
                    1,
                    2,
                    2,
                    2,
                    3
                ],
                "g": [
                    1.0,
                    1.0,
                    1.0,
                    1.0,
                    1.0,
                    1.0,
                    1.0
                ]
            }
        ]
    },
    "aux": {
        "delta_l_sat_approx": {
            "type": 1,
            "n": {
                "1": -9.714230485565954,
                "2": 11.7638029884687,
                "3": 2.4153342114392036,
                "4": -3.0195139591161673,
                "5": 8.696072645236315,
                "6": -74.7964429355484
            },
            "t": {
                "1": 0.247,
                "2": 0.26,
                "3": 1.896,
                "4": 3.015,
                "5": 7.62,
                "6": 15.172
            }
        },
        "delta_v_sat_approx": {
            "type": 3,
            "n": {
                "1": 0.07060973078462121,
                "2": -0.1101282083100916,
                "3": -2.9297126160159235,
                "4": -2.550579057791659,
                "5": 0.8675055868776257,
                "6": -5.524200468568231
            },
            "t": {
                "1": 0.092,
                "2": 0.165,
                "3": 0.398,
                "4": 1.037,
                "5": 3.911,
                "6": 4.103
            }
        }
    }
}
