{
    "nl_file": "r142b_expressions_eos.nl",
    "expr_map": [
        0,
        1,
        2,
        3,
        4,
        13,
        5,
        6,
        7,
        8,
        9,
        10,
        12,
        11
    ],
    "var_map": [
        0,
        1,
        1000,
        1000
    ],
    "param": {
        "R": 0.08273515615647858,
        "MW": 100.49503,
        "T_star": 410.26,
        "rho_star": 445.99694314,
        "Tc": 410.26,
        "rhoc": 445.99694314,
        "Pc": 4054.7667721866887,
        "Tt": 142.72,
        "Pt": 0.0036326514405276063,
        "rhot_l": 1451.049294331034,
        "rhot_v": 0.0003076539710880908,
        "P_min": 1e-05,
        "P_max": 60000.0,
        "rho_max": 445.99694314,
        "T_min": 142.72,
        "T_max": 470,
        "reference_state_offset": [
            0.0,
            0.0
        ]
    },
    "have_tcx": false,
    "have_st": false,
    "have_visc": false
}