{
    "nl_file": "r152a_expressions_eos.nl",
    "expr_map": [
        0,
        1,
        2,
        3,
        4,
        13,
        5,
        6,
        7,
        8,
        9,
        10,
        12,
        11
    ],
    "var_map": [
        0,
        1,
        1000,
        1000
    ],
    "param": {
        "R": 0.12588015321493998,
        "MW": 66.051,
        "T_star": 386.411,
        "rho_star": 368.0,
        "Tc": 386.411,
        "rhoc": 368.0,
        "Pc": 4512.732299317213,
        "Tt": 154.56,
        "Pt": 6.408986801291846e-05,
        "rhot_l": 1190.9718982585573,
        "rhot_v": 0.0032953219068751383,
        "P_min": 1e-05,
        "P_max": 58000.0,
        "rho_max": 368.0,
        "T_min": 154.56,
        "T_max": 500,
        "reference_state_offset": [
            0.0,
            0.0
        ]
    },
    "have_tcx": false,
    "have_st": false,
    "have_visc": false
}