{
    "nl_file": "r161_expressions_eos.nl",
    "expr_map": [
        0,
        1,
        2,
        3,
        4,
        13,
        5,
        6,
        7,
        8,
        9,
        10,
        12,
        11
    ],
    "var_map": [
        0,
        1,
        1000,
        1000
    ],
    "param": {
        "R": 0.17300371414600654,
        "MW": 48.0595,
        "T_star": 375.25,
        "rho_star": 301.81365999999997,
        "Tc": 375.25,
        "rhoc": 301.81365999999997,
        "Pc": 5009.983449475899,
        "Tt": 130.0,
        "Pt": 0.005512269644056271,
        "rhot_l": 957.0209853545508,
        "rhot_v": 0.0002450960678712324,
        "P_min": 1e-05,
        "P_max": 5000.0,
        "rho_max": 307.07124617593735,
        "T_min": 130.0,
        "T_max": 450,
        "reference_state_offset": [
            0.0,
            0.0
        ]
    },
    "have_tcx": false,
    "have_st": false,
    "have_visc": false
}