{
    "nl_file": "r218_expressions_eos.nl",
    "expr_map": [
        0,
        1,
        2,
        3,
        4,
        13,
        5,
        6,
        7,
        8,
        9,
        10,
        12,
        11
    ],
    "var_map": [
        0,
        1,
        1000,
        1000
    ],
    "param": {
        "R": 0.0442213680901852,
        "MW": 188.01933000000002,
        "T_star": 345.02,
        "rho_star": 627.9845622000003,
        "Tc": 345.02,
        "rhoc": 627.9845622000003,
        "Pc": 2640.207742229481,
        "Tt": 125.45,
        "Pt": 0.0020185735822360923,
        "rhot_l": 2009.363533813231,
        "rhot_v": 0.0003638745373594394,
        "P_min": 1e-05,
        "P_max": 20000.0,
        "rho_max": 633.8709331940194,
        "T_min": 125.45,
        "T_max": 440,
        "reference_state_offset": [
            0.0,
            0.0
        ]
    },
    "have_tcx": false,
    "have_st": false,
    "have_visc": false
}