{
    "comp": "r218",
    "basic": {
        "R": 0.0442213680901852,
        "MW": 188.01933000000002,
        "T_star": 345.02,
        "rho_star": 627.9845622000003,
        "Tc": 345.02,
        "rhoc": 627.9845622000003,
        "Pc": 2640.0,
        "Tt": 125.45,
        "Pt": 0.0020185735822360923,
        "rhot_l": 2009.363533813231,
        "rhot_v": 0.0003638745373594394,
        "P_min": 1e-05,
        "P_max": 20000.0,
        "rho_max": 2511.7044172665387,
        "T_min": 125.45,
        "T_max": 440
    },
    "eos": {
        "reference": [
            "Lemmon-JCED-2006"
        ],
        "ideal_terms": [
            {
                "ideal_type": 1,
                "a": [
                    -15.6587335175,
                    11.4531412796
                ]
            },
            {
                "ideal_type": 2,
                "a": 3
            },
            {
                "ideal_type": 3,
                "n": [
                    7.2198,
                    7.2692,
                    11.599
                ],
                "t": [
                    0.9448727609993625,
                    1.724537707958959,
                    4.315691843951075
                ]
            }
        ],
        "residual_terms": [
            {
                "residual_type": 1,
                "n": [
                    1.327,
                    -3.8433,
                    0.922,
                    0.1136,
                    0.00036195
                ],
                "d": [
                    1,
                    1,
                    1,
                    3,
                    7
                ],
                "t": [
                    0.25,
                    1.25,
                    1.5,
                    0.25,
                    0.875
                ]
            },
            {
                "residual_type": 7,
                "n": [
                    1.1001,
                    1.1896,
                    -0.025147,
                    -0.65923,
                    -0.027969,
                    -0.1833,
                    -0.02163
                ],
                "d": [
                    1,
                    2,
                    5,
                    1,
                    1,
                    4,
                    2
                ],
                "t": [
                    2.375,
                    2,
                    2.125,
                    3.5,
                    6.5,
                    4.75,
                    12.5
                ],
                "l": [
                    1,
                    1,
                    1,
                    2,
                    2,
                    2,
                    3
                ],
                "g": [
                    1.0,
                    1.0,
                    1.0,
                    1.0,
                    1.0,
                    1.0,
                    1.0
                ]
            }
        ]
    },
    "aux": {
        "delta_l_sat_approx": {
            "type": 1,
            "n": {
                "1": 7.303753750603384,
                "2": -7.730626041358162,
                "3": 3.674253188196436,
                "4": -3.58395389631866,
                "5": 5.552496612344577,
                "6": -211.54319300173208
            },
            "t": {
                "1": 0.517,
                "2": 0.714,
                "3": 1.159,
                "4": 3.98,
                "5": 5.488,
                "6": 19.277
            }
        },
        "delta_v_sat_approx": {
            "type": 3,
            "n": {
                "1": 3.329585797093735,
                "2": -6.844734619770494,
                "3": -1.1111833788437069,
                "4": -2.0711985469576675,
                "5": -4.658013576000995,
                "6": 0.29142793495095165
            },
            "t": {
                "1": 0.372,
                "2": 0.41,
                "3": 0.775,
                "4": 1.882,
                "5": 4.237,
                "6": 8.879
            }
        }
    }
}
