{
    "comp": "r227ea",
    "basic": {
        "R": 0.04890029904335064,
        "MW": 170.02886,
        "T_star": 374.9,
        "rho_star": 594.2508657000001,
        "Tc": 374.9,
        "rhoc": 594.2508657000001,
        "Pc": 2925,
        "Tt": 146.35,
        "Pt": 7.33e-3,
        "rhot_l": 1878.3,
        "rhot_v": 0.0010245,
        "P_min": 1e-9,
        "P_max": 5e5,
        "rho_max": 2500.0,
        "T_min": 145,
        "T_max": 500
    },
    "eos": {
        "reference": [
            "Eric W. Lemmon and Roland Span. Thermodynamic Properties of R-227ea,",
            "    R-365mfc, R-115, and R13I1. J. Chem. Eng. Data, 2016, submitted.", 
            "    doi:10.1021/acs.jced.5b00684."
        ],
        "c": {
            "6": 1,
            "7": 1,
            "8": 1,
            "9": 1,
            "10": 2,
            "11": 2
        },
        "d": {
            "1": 1,
            "2": 1,
            "3": 2,
            "4": 2,
            "5": 4,
            "6": 1,
            "7": 3,
            "8": 6,
            "9": 6,
            "10": 2,
            "11": 3,
            "12": 1,
            "13": 2,
            "14": 1,
            "15": 1,
            "16": 4,
            "17": 2,
            "18": 1
        },
        "t": {
            "1": 0.34,
            "2": 0.77,
            "3": 0.36,
            "4": 0.90,
            "5": 1.00,
            "6": 2.82,
            "7": 2.10,
            "8": 0.90,
            "9": 1.13,
            "10": 3.80,
            "11": 2.75,
            "12": 1.50,
            "13": 2.50,
            "14": 2.50,
            "15": 5.40,
            "16": 4.00,
            "17": 1.00,
            "18": 3.50
        },
        "n": {
            "1": 2.024341,
            "2": -2.605930,
            "3": 0.4957216,
            "4": -0.8240820,
            "5": 0.06543703,
            "6": -1.024610,
            "7": 0.6247065,
            "8": 0.2997521,
            "9": -0.3539170,
            "10": -1.232043,
            "11": -0.8824483,
            "12": 0.1349661,
            "13": -0.2662928,
            "14": 0.1764733,
            "15": 0.01536163,
            "16": -0.004667185,
            "17": -11.70854,
            "18": 0.9114512
        },
        "a": {
            "12": 0.83,
            "13": 2.19,
            "14": 2.44,
            "15": 3.65,
            "16": 8.88,
            "17": 8.23,
            "18": 2.01
        },
        "b": {
            "12": 1.72,
            "13": 5.20,
            "14": 2.31,
            "15": 1.02,
            "16": 5.63,
            "17": 50.9,
            "18": 1.56
        },
        "g": {
            "12": 0.414,
            "13": 1.051,
            "14": 1.226,
            "15": 1.700,
            "16": 0.904,
            "17": 1.420,
            "18": 0.926
        },
        "e": {
            "12": 1.13,
            "13": 0.71,
            "14": 1.20,
            "15": 1.70,
            "16": 0.546,
            "17": 0.896,
            "18": 0.747
        },
        "n0": {
            "1": -15.8291124137,  
            "2": 11.0879509962, 
            "3": 3.0,  
            "4": 11.43,  
            "5": 12.83  
        },
        "g0": {
            "4": 1.0749533208855695,
            "5": 3.809015737530008
        },
        "last_term_ideal": 5,
        "last_term_residual": [5, 11, 18],
        "phi_ideal_type": 1,
        "phi_residual_type": 2
    },
    "aux": {
        "reference": [
            "Eric W. Lemmon and Roland Span. Thermodynamic Properties of R-227ea,",
            "    R-365mfc, R-115, and R13I1. J. Chem. Eng. Data, 2016, submitted.", 
            "    doi:10.1021/acs.jced.5b00684."
        ],
        "delta_l_sat_approx": {
            "c": 1,
            "n": {
                "1": -0.29926,
                "2": 2.8025,
                "3": -1.9602,
                "4": 2.0784,
                "5": 0.21701
            },
            "t": {
                "1": 0.15,
                "2": 0.3,
                "3": 0.44,
                "4": 0.6,
                "5": 2.75
            },
            "type": 1
        },
        "delta_v_sat_approx": {
            "c": 1,
            "n": {
                "1": -109.367,
                "2": 322.88,
                "3": -485.87,
                "4": 417.10,
                "5": -174.52,
                "6": -52.695,
                "7": -114.41
            },
            "t": {
                "1": 0.64,
                "2": 0.77,
                "3": 0.96,
                "4": 1.2,
                "5": 1.45,
                "6": 5.35,
                "7": 12.0
            },
            "type": 2
        }
    },
    "transport": {
        "thermal_conductivity": {

        },
        "viscosity": {

        },
        "surface_tension": {
            "reference": [
                "Mulero, A., I. Cachadina, Parra, M., Recommended Correlations for the",
                "    Surface Tension of Common Fluids, J. Phys. Chem. Ref. Data 41, 043105",
                "    (2012)."
            ],
            "Tc": 382.513,
            "s": {
                "0": 61.27,
                "1": -9.516,
                "2": -1.92
            },
            "n": {
                "0": 1.192,
                "1": 0.9795,
                "2": 1.421
            },
            "type": 1
        }
    }
}