{
    "comp": "r23",
    "basic": {
        "R": 0.11875467496788136,
        "MW": 70.01385,
        "T_star": 299.293,
        "rho_star": 526.504152,
        "Tc": 299.293,
        "rhoc": 526.504152,
        "Pc": 4832.0,
        "Tt": 118.02,
        "Pt": 0.05804099416222911,
        "rhot_l": 1701.8764733515738,
        "rhot_v": 0.004143182178236796,
        "P_min": 1e-05,
        "P_max": 120000.0,
        "rho_max": 2127.3455916894673,
        "T_min": 118.02,
        "T_max": 475
    },
    "eos": {
        "reference": [
            "Penoncello-JPCRD-2003"
        ],
        "ideal_terms": [
            {
                "ideal_type": 1,
                "a": [
                    -8.31386064,
                    6.55087253
                ]
            },
            {
                "ideal_type": 2,
                "a": 2.999
            },
            {
                "ideal_type": 3,
                "n": [
                    2.371,
                    3.237,
                    2.61,
                    0.8274
                ],
                "t": [
                    2.485858339486724,
                    4.874821663052594,
                    7.133477896242144,
                    16.4086697650797
                ]
            }
        ],
        "residual_terms": [
            {
                "residual_type": 1,
                "n": [
                    7.041529,
                    -8.259512,
                    0.00805304,
                    -0.08617615,
                    0.00633341
                ],
                "d": [
                    1,
                    1,
                    1,
                    2,
                    5
                ],
                "t": [
                    0.744,
                    0.94,
                    4.3,
                    1.46,
                    0.68
                ]
            },
            {
                "residual_type": 7,
                "n": [
                    -0.1863285,
                    0.328051,
                    0.5191023,
                    0.06916144,
                    -0.005045875,
                    -0.01744221,
                    -0.05003972,
                    0.04729813,
                    -0.06164031,
                    0.01583585,
                    -0.00179579,
                    -0.001099007
                ],
                "d": [
                    1,
                    2,
                    3,
                    5,
                    1,
                    2,
                    2,
                    4,
                    4,
                    4,
                    2,
                    2
                ],
                "t": [
                    4.8,
                    1.5,
                    2.07,
                    0.09,
                    9.6,
                    0.19,
                    11.2,
                    0.27,
                    1.6,
                    10.3,
                    14,
                    15
                ],
                "l": [
                    1,
                    1,
                    1,
                    1,
                    2,
                    2,
                    2,
                    2,
                    2,
                    2,
                    3,
                    4
                ],
                "g": [
                    1.0,
                    1.0,
                    1.0,
                    1.0,
                    1.0,
                    1.0,
                    1.0,
                    1.0,
                    1.0,
                    1.0,
                    1.0,
                    1.0
                ]
            }
        ]
    },
    "aux": {
        "delta_l_sat_approx": {
            "type": 1,
            "n": {
                "1": -3.3533086837494186,
                "2": 5.426490146945459,
                "3": -0.27772667131392875,
                "4": 1.022401312663457,
                "5": 8.263580367250993,
                "6": -245.19616208727248
            },
            "t": {
                "1": 0.212,
                "2": 0.25,
                "3": 0.358,
                "4": 0.841,
                "5": 9.921,
                "6": 17.541
            }
        },
        "delta_v_sat_approx": {
            "type": 3,
            "n": {
                "1": -5.0704437393717505,
                "2": 4.7882747149545795,
                "3": -23.58027456800221,
                "4": 23.333602102883393,
                "5": -9.217295829606783,
                "6": 4.050830873748802
            },
            "t": {
                "1": 0.475,
                "2": 0.852,
                "3": 1.451,
                "4": 1.751,
                "5": 2.978,
                "6": 14.67
            }
        }
    }
}
