{
    "nl_file": "r236fa_expressions_eos.nl",
    "expr_map": [
        0,
        1,
        2,
        3,
        4,
        13,
        5,
        6,
        7,
        8,
        9,
        10,
        12,
        11
    ],
    "var_map": [
        0,
        1,
        1000,
        1000
    ],
    "param": {
        "R": 0.0546866581074255,
        "MW": 152.0384,
        "T_star": 398.07,
        "rho_star": 551.2912384,
        "Tc": 398.07,
        "rhoc": 551.2912384,
        "Pc": 3190.8661235694353,
        "Tt": 179.60000000000002,
        "Pt": 0.16032677882015295,
        "rhot_l": 1708.0762504227177,
        "rhot_v": 0.016328743193895722,
        "P_min": 1e-05,
        "P_max": 70000.0,
        "rho_max": 551.2912384,
        "T_min": 179.60000000000002,
        "T_max": 400,
        "reference_state_offset": [
            0.0,
            0.0
        ]
    },
    "have_tcx": false,
    "have_st": false,
    "have_visc": false
}