{
    "nl_file": "r236ea_expressions_eos.nl",
    "expr_map": [
        0,
        1,
        2,
        3,
        4,
        13,
        5,
        6,
        7,
        8,
        9,
        10,
        12,
        11
    ],
    "var_map": [
        0,
        1,
        1000,
        1000
    ],
    "param": {
        "R": 0.0546866581074255,
        "MW": 152.0384,
        "T_star": 412.44,
        "rho_star": 564.9999999999999,
        "Tc": 412.44,
        "rhoc": 564.9999999999999,
        "Pc": 3415.700673726478,
        "Tt": 243.0,
        "Pt": 17.498972158060663,
        "rhot_l": 1588.3272487023894,
        "rhot_v": 1.3332089092356982,
        "P_min": 1e-05,
        "P_max": 6000.0,
        "rho_max": 661.263476321057,
        "T_min": 243.0,
        "T_max": 412,
        "reference_state_offset": [
            0.0,
            0.0
        ]
    },
    "have_tcx": false,
    "have_st": false,
    "have_visc": false
}