{
    "comp": "r236ea",
    "basic": {
        "R": 0.0546866581074255,
        "MW": 152.0384,
        "T_star": 412.44,
        "rho_star": 564.9999999999999,
        "Tc": 412.44,
        "rhoc": 564.9999999999999,
        "Pc": 3415.700707868167,
        "Tt": 243.0,
        "Pt": 17.498972158060663,
        "rhot_l": 1588.3272487023894,
        "rhot_v": 1.3332089092356982,
        "P_min": 1e-05,
        "P_max": 6000.0,
        "rho_max": 1985.4090608779868,
        "T_min": 243.0,
        "T_max": 412
    },
    "eos": {
        "reference": [
            "Rui-FPE-2013"
        ],
        "ideal_terms": [
            {
                "ideal_type": 1,
                "a": [
                    -14.121424135,
                    10.2355589225
                ]
            },
            {
                "ideal_type": 2,
                "a": 2.762
            },
            {
                "ideal_type": 3,
                "n": [
                    0.7762,
                    10.41,
                    12.18,
                    3.332
                ],
                "t": [
                    0.3491416933372127,
                    0.93346911065852,
                    3.724178062263602,
                    17.26554165454369
                ]
            }
        ],
        "residual_terms": [
            {
                "residual_type": 1,
                "n": [
                    0.051074,
                    2.5584,
                    -2.918,
                    -0.71485,
                    0.15534
                ],
                "d": [
                    4,
                    1,
                    1,
                    2,
                    3
                ],
                "t": [
                    1,
                    0.264,
                    0.5638,
                    1.306,
                    0.2062
                ]
            },
            {
                "residual_type": 7,
                "n": [
                    -1.5894,
                    -0.784,
                    0.85767,
                    -0.67235,
                    -0.017953
                ],
                "d": [
                    1,
                    3,
                    2,
                    2,
                    7
                ],
                "t": [
                    2.207,
                    2.283,
                    1.373,
                    2.33,
                    0.6376
                ],
                "l": [
                    2,
                    2,
                    1,
                    2,
                    1
                ],
                "g": [
                    1.0,
                    1.0,
                    1.0,
                    1.0,
                    1.0
                ]
            },
            {
                "residual_type": 2,
                "n": [
                    1.3165,
                    -0.42023,
                    -0.28053,
                    -1.4134,
                    -6.2617e-06
                ],
                "d": [
                    1,
                    1,
                    3,
                    3,
                    2
                ],
                "t": [
                    1.08,
                    1.67,
                    3.502,
                    4.357,
                    0.6945
                ],
                "a": [
                    1.019,
                    1.341,
                    1.034,
                    5.264,
                    24.44
                ],
                "b": [
                    1.3,
                    2.479,
                    1.068,
                    79.85,
                    49.06
                ],
                "e": [
                    0.7119,
                    0.9102,
                    0.678,
                    0.7091,
                    1.727
                ],
                "g": [
                    1.13,
                    0.6691,
                    0.465,
                    1.28,
                    0.8781
                ]
            }
        ]
    },
    "aux": {
        "delta_l_sat_approx": {
            "type": 1,
            "n": {
                "1": 73.91473114602317,
                "2": -84.48156059389362,
                "3": 27.6288904418195,
                "4": -25.47850648952525,
                "5": 91.75937442449276,
                "6": -17637.12637362363
            },
            "t": {
                "1": 0.643,
                "2": 0.695,
                "3": 1.291,
                "4": 2.156,
                "5": 5.361,
                "6": 12.859
            }
        },
        "delta_v_sat_approx": {
            "type": 3,
            "n": {
                "1": -4.265462216604608,
                "2": -0.5723936371527714,
                "3": -242.68126932071,
                "4": 5628.347652868032,
                "5": -158549.1553855615,
                "6": 335529.06839972973
            },
            "t": {
                "1": 0.463,
                "2": 1.088,
                "3": 4.746,
                "4": 7.264,
                "5": 10.426,
                "6": 11.817
            }
        }
    }
}
