{
    "comp": "r236fa",
    "basic": {
        "R": 0.0546866581074255,
        "MW": 152.0384,
        "T_star": 398.07,
        "rho_star": 551.2912384,
        "Tc": 398.07,
        "rhoc": 551.2912384,
        "Pc": 3200.0,
        "Tt": 179.60000000000002,
        "Pt": 0.16032677882015295,
        "rhot_l": 1708.0762504227177,
        "rhot_v": 0.016328743193895722,
        "P_min": 1e-05,
        "P_max": 70000.0,
        "rho_max": 2135.095313028397,
        "T_min": 179.60000000000002,
        "T_max": 400
    },
    "eos": {
        "reference": [
            "Pan-FPE-2012"
        ],
        "ideal_terms": [
            {
                "ideal_type": 1,
                "a": [
                    -17.5983849,
                    8.87150449
                ]
            },
            {
                "ideal_type": 2,
                "a": 9.175
            },
            {
                "ideal_type": 3,
                "n": [
                    9.8782,
                    18.236,
                    49.934
                ],
                "t": [
                    2.416660386364208,
                    6.014017635089306,
                    13.03288366367724
                ]
            }
        ],
        "residual_terms": [
            {
                "residual_type": 1,
                "n": [
                    0.04453255,
                    1.777017,
                    -2.230519,
                    -0.6708606,
                    0.1587907
                ],
                "d": [
                    4,
                    1,
                    1,
                    2,
                    3
                ],
                "t": [
                    1.07,
                    0.222,
                    0.66,
                    1.33,
                    0.227
                ]
            },
            {
                "residual_type": 7,
                "n": [
                    -1.425119,
                    -0.6461628,
                    0.8469985,
                    -0.5635356,
                    -0.01535611
                ],
                "d": [
                    1,
                    3,
                    2,
                    2,
                    7
                ],
                "t": [
                    2.33,
                    1.94,
                    1.53,
                    2.65,
                    0.722
                ],
                "l": [
                    2,
                    2,
                    1,
                    2,
                    1
                ],
                "g": [
                    1.0,
                    1.0,
                    1.0,
                    1.0,
                    1.0
                ]
            },
            {
                "residual_type": 2,
                "n": [
                    1.156362,
                    -0.407031,
                    -0.2172753,
                    -1.007176,
                    -6.902909e-05
                ],
                "d": [
                    1,
                    1,
                    3,
                    3,
                    2
                ],
                "t": [
                    1.11,
                    2.31,
                    3.68,
                    4.23,
                    0.614
                ],
                "a": [
                    1.02,
                    1.336,
                    1.055,
                    5.84,
                    16.2
                ],
                "b": [
                    1.42,
                    2.31,
                    0.89,
                    80,
                    108
                ],
                "e": [
                    0.712,
                    0.91,
                    0.677,
                    0.718,
                    1.64
                ],
                "g": [
                    1.13,
                    0.67,
                    0.46,
                    1.28,
                    1.2
                ]
            }
        ]
    },
    "aux": {
        "delta_l_sat_approx": {
            "type": 1,
            "n": {
                "1": -0.6129462210275856,
                "2": 2.32975618477472,
                "3": 0.44026610528146576,
                "4": 0.18569408128843393,
                "5": 0.41600763700797233,
                "6": 0.3257761223988926
            },
            "t": {
                "1": 0.177,
                "2": 0.276,
                "3": 0.561,
                "4": 0.741,
                "5": 1.15,
                "6": 3.764
            }
        },
        "delta_v_sat_approx": {
            "type": 3,
            "n": {
                "1": -3.799841638369613,
                "2": -7.207160418715132,
                "3": 47.73949958715277,
                "4": -59.040754885379386,
                "5": 33.03413077298916,
                "6": -27.228555278145553
            },
            "t": {
                "1": 0.436,
                "2": 1.661,
                "3": 2.91,
                "4": 3.307,
                "5": 5.447,
                "6": 6.392
            }
        }
    }
}
