{
    "nl_file": "r23_expressions_eos.nl",
    "expr_map": [
        0,
        1,
        2,
        3,
        4,
        13,
        5,
        6,
        7,
        8,
        9,
        10,
        12,
        11
    ],
    "var_map": [
        0,
        1,
        1000,
        1000
    ],
    "param": {
        "R": 0.11875467496788136,
        "MW": 70.01385,
        "T_star": 299.293,
        "rho_star": 526.504152,
        "Tc": 299.293,
        "rhoc": 526.504152,
        "Pc": 4831.739233202201,
        "Tt": 118.02,
        "Pt": 0.05804099416222911,
        "rhot_l": 1701.8764733515738,
        "rhot_v": 0.004143182178236796,
        "P_min": 1e-05,
        "P_max": 120000.0,
        "rho_max": 526.504152,
        "T_min": 118.02,
        "T_max": 475,
        "reference_state_offset": [
            0.0,
            0.0
        ]
    },
    "have_tcx": false,
    "have_st": false,
    "have_visc": false
}