{
    "comp": "r245fa",
    "basic": {
        "R": 0.06202603411883838,
        "MW": 134.04794,
        "T_star": 427.01,
        "rho_star": 519.4357675,
        "Tc": 427.01,
        "rhoc": 519.4357675,
        "Pc": 3651.0,
        "Tt": 171.05,
        "Pt": 0.013757432509477219,
        "rhot_l": 1643.4476926017514,
        "rhot_v": 0.0012967616332645805,
        "P_min": 1e-05,
        "P_max": 200000.0,
        "rho_max": 2054.3096157521895,
        "T_min": 171.05,
        "T_max": 440
    },
    "eos": {
        "reference": [
            "Akasaka-JPCRD-2015-R245fa"
        ],
        "ideal_terms": [
            {
                "ideal_type": 1,
                "a": [
                    -13.4283638514,
                    9.87236538
                ]
            },
            {
                "ideal_type": 2,
                "a": 3
            },
            {
                "ideal_type": 3,
                "n": [
                    5.5728,
                    10.385,
                    12.554
                ],
                "t": [
                    0.5197115834815994,
                    2.364453600524394,
                    5.735555763648281
                ]
            }
        ],
        "residual_terms": [
            {
                "residual_type": 1,
                "n": [
                    0.057506623,
                    1.5615975,
                    -2.3614485,
                    -0.51773521,
                    0.18509788
                ],
                "d": [
                    4,
                    1,
                    1,
                    2,
                    3
                ],
                "t": [
                    1.0,
                    0.27,
                    0.9,
                    1.09,
                    0.4
                ]
            },
            {
                "residual_type": 7,
                "n": [
                    -0.87405626,
                    -0.27530955,
                    0.57971151,
                    -0.39934306,
                    -0.033230277
                ],
                "d": [
                    1,
                    3,
                    2,
                    2,
                    7
                ],
                "t": [
                    2.9,
                    1.7,
                    0.8,
                    3.6,
                    1.05
                ],
                "l": [
                    2,
                    2,
                    1,
                    2,
                    1
                ],
                "g": [
                    1.0,
                    1.0,
                    1.0,
                    1.0,
                    1.0
                ]
            },
            {
                "residual_type": 2,
                "n": [
                    0.83210508,
                    -0.335443,
                    -0.10117801,
                    -0.0091495867
                ],
                "d": [
                    1,
                    1,
                    3,
                    3
                ],
                "t": [
                    1.8,
                    4.0,
                    4.5,
                    2.0
                ],
                "a": [
                    1.011,
                    1.447,
                    1.079,
                    7.86
                ],
                "b": [
                    1.879,
                    2.454,
                    1.256,
                    21.1
                ],
                "e": [
                    0.709,
                    0.939,
                    0.703,
                    0.777
                ],
                "g": [
                    1.081,
                    0.651,
                    0.468,
                    1.293
                ]
            }
        ]
    },
    "aux": {
        "delta_l_sat_approx": {
            "type": 1,
            "n": {
                "1": -0.645916749226158,
                "2": 1.2435143264412414,
                "3": 2.1374254146018647,
                "4": -1.4105539340976712,
                "5": 2.697825229930464,
                "6": -1.236775453941409
            },
            "t": {
                "1": 0.144,
                "2": 0.165,
                "3": 0.53,
                "4": 1.993,
                "5": 2.646,
                "6": 3.593
            }
        },
        "delta_v_sat_approx": {
            "type": 3,
            "n": {
                "1": -0.12316786769188867,
                "2": -3.5467162730203325,
                "3": -2.100626576983384,
                "4": -3.02259697521286,
                "5": -10.604906302496444,
                "6": 12.900898794193413
            },
            "t": {
                "1": 0.075,
                "2": 0.466,
                "3": 1.018,
                "4": 2.817,
                "5": 6.14,
                "6": 8.5
            }
        }
    }
}
