{
    "comp": "r245ca",
    "basic": {
        "R": 0.06202603411883838,
        "MW": 134.04794,
        "T_star": 447.57,
        "rho_star": 525.4679248,
        "Tc": 447.57,
        "rhoc": 525.4679248,
        "Pc": 3940.740488750428,
        "Tt": 196,
        "Pt": 0.11827911719958141,
        "rhot_l": 1625.9864586142517,
        "rhot_v": 0.009730794992360407,
        "P_min": 1e-05,
        "P_max": 10000.0,
        "rho_max": 2032.4830732678147,
        "T_min": 196,
        "T_max": 450
    },
    "eos": {
        "reference": [
            "Zhou-IJT-2016-R245ca"
        ],
        "ideal_terms": [
            {
                "ideal_type": 1,
                "a": [
                    -18.09410031,
                    8.996084665
                ]
            },
            {
                "ideal_type": 2,
                "a": 7.888
            },
            {
                "ideal_type": 3,
                "n": [
                    0.8843,
                    14.46,
                    5.331
                ],
                "t": [
                    1.9326585785463726,
                    2.5068704336751795,
                    6.323033268539
                ]
            }
        ],
        "residual_terms": [
            {
                "residual_type": 1,
                "n": [
                    0.04489247,
                    1.526476,
                    -2.40832,
                    -0.5288088,
                    0.18222346
                ],
                "d": [
                    4,
                    1,
                    1,
                    2,
                    3
                ],
                "t": [
                    1,
                    0.26,
                    1,
                    1.2,
                    0.67
                ]
            },
            {
                "residual_type": 7,
                "n": [
                    -1.063228,
                    -0.223149,
                    1.18738,
                    -0.9772383,
                    -0.02296938
                ],
                "d": [
                    1,
                    3,
                    2,
                    2,
                    7
                ],
                "t": [
                    1.92,
                    2,
                    1.5,
                    1.93,
                    1.06
                ],
                "l": [
                    2,
                    2,
                    1,
                    2,
                    1
                ],
                "g": [
                    1.0,
                    1.0,
                    1.0,
                    1.0,
                    1.0
                ]
            },
            {
                "residual_type": 2,
                "n": [
                    1.364444,
                    -0.5080666,
                    -0.06649496,
                    -1.128359
                ],
                "d": [
                    1,
                    1,
                    3,
                    3
                ],
                "t": [
                    0.17,
                    3.9,
                    1,
                    1
                ],
                "a": [
                    1.16,
                    1.1,
                    1.64,
                    13.8
                ],
                "b": [
                    2.4,
                    1.5,
                    4.2,
                    379
                ],
                "e": [
                    0.55,
                    0.724,
                    0.524,
                    0.857
                ],
                "g": [
                    1.265,
                    0.42,
                    0.864,
                    1.15
                ]
            }
        ]
    },
    "aux": {
        "delta_l_sat_approx": {
            "type": 1,
            "n": {
                "1": 4.0075,
                "2": -4.6786,
                "3": 6.6575,
                "4": -5.096,
                "5": 2.364
            },
            "t": {
                "1": 0.48,
                "2": 1,
                "3": 1.6,
                "4": 2.4,
                "5": 3.5
            }
        },
        "delta_v_sat_approx": {
            "type": 2,
            "n": {
                "1": -4.8138,
                "2": -5.557,
                "3": -11.257,
                "4": -55.775,
                "5": -138.45
            },
            "t": {
                "1": 0.505,
                "2": 1.65,
                "3": 2.5,
                "4": 5.5,
                "5": 12
            }
        }
    }
}
