{
    "nl_file": "r245fa_expressions_eos.nl",
    "expr_map": [
        0,
        1,
        2,
        3,
        4,
        13,
        5,
        6,
        7,
        8,
        9,
        10,
        12,
        11
    ],
    "var_map": [
        0,
        1,
        1000,
        1000
    ],
    "param": {
        "R": 0.06202603411883838,
        "MW": 134.04794,
        "T_star": 427.01,
        "rho_star": 519.4357675,
        "Tc": 427.01,
        "rhoc": 519.4357675,
        "Pc": 3650.995677501081,
        "Tt": 171.05,
        "Pt": 0.013757432509477219,
        "rhot_l": 1643.4476926017514,
        "rhot_v": 0.0012967616332645805,
        "P_min": 1e-05,
        "P_max": 200000.0,
        "rho_max": 533.9329621160515,
        "T_min": 171.05,
        "T_max": 440,
        "reference_state_offset": [
            0.0,
            0.0
        ]
    },
    "have_tcx": false,
    "have_st": false,
    "have_visc": false
}