{
    "nl_file": "r245ca_expressions_eos.nl",
    "expr_map": [
        0,
        1,
        2,
        3,
        4,
        13,
        5,
        6,
        7,
        8,
        9,
        10,
        12,
        11
    ],
    "var_map": [
        0,
        1,
        1000,
        1000
    ],
    "param": {
        "R": 0.06202603411883838,
        "MW": 134.04794,
        "T_star": 447.57,
        "rho_star": 525.4679248,
        "Tc": 447.57,
        "rhoc": 525.4679248,
        "Pc": 3940.7404493430295,
        "Tt": 196,
        "Pt": 0.11827911719958141,
        "rhot_l": 1625.9864586142517,
        "rhot_v": 0.009730794992360407,
        "P_min": 1e-05,
        "P_max": 10000.0,
        "rho_max": 525.4679248,
        "T_min": 196,
        "T_max": 450,
        "reference_state_offset": [
            0.0,
            0.0
        ]
    },
    "have_tcx": false,
    "have_st": false,
    "have_visc": false
}