{
    "comp": "r365mfc",
    "basic": {
        "R": 0.056150525424630796,
        "MW": 148.07451999999998,
        "T_star": 460,
        "rho_star": 473.83846399999993,
        "Tc": 460,
        "rhoc": 473.83846399999993,
        "Pc": 3266.2070678832483,
        "Tt": 239.0,
        "Pt": 2.4784152511989395,
        "rhot_l": 1376.8201496842355,
        "rhot_v": 0.18526679941402724,
        "P_min": 1e-05,
        "P_max": 35000.0,
        "rho_max": 1721.0251871052944,
        "T_min": 239.0,
        "T_max": 500
    },
    "eos": {
        "reference": [
            "Lemmon-JCED-2016-365227"
        ],
        "ideal_terms": [
            {
                "ideal_type": 1,
                "a": [
                    -16.3423704513,
                    10.2889710846
                ]
            },
            {
                "ideal_type": 2,
                "a": 3
            },
            {
                "ideal_type": 3,
                "n": [
                    17.47,
                    16.29
                ],
                "t": [
                    1.236956521739131,
                    4.852173913043479
                ]
            }
        ],
        "residual_terms": [
            {
                "residual_type": 1,
                "n": [
                    2.20027,
                    -2.8624,
                    0.384559,
                    -0.621227,
                    0.0665967
                ],
                "d": [
                    1,
                    1,
                    2,
                    2,
                    4
                ],
                "t": [
                    0.24,
                    0.67,
                    0.5,
                    1.25,
                    1
                ]
            },
            {
                "residual_type": 7,
                "n": [
                    -1.19383,
                    0.635935,
                    0.461728,
                    -0.533472,
                    -1.07101,
                    0.13929
                ],
                "d": [
                    1,
                    3,
                    6,
                    6,
                    2,
                    3
                ],
                "t": [
                    3.35,
                    2.5,
                    0.96,
                    1.07,
                    5.6,
                    6.9
                ],
                "l": [
                    1,
                    1,
                    1,
                    1,
                    2,
                    2
                ],
                "g": [
                    1.0,
                    1.0,
                    1.0,
                    1.0,
                    1.0,
                    1.0
                ]
            },
            {
                "residual_type": 2,
                "n": [
                    -0.385506,
                    0.885653,
                    0.226303,
                    -0.166116
                ],
                "d": [
                    1,
                    1,
                    1,
                    2
                ],
                "t": [
                    3,
                    3.6,
                    5,
                    1.25
                ],
                "a": [
                    0.97,
                    0.94,
                    2.15,
                    2.66
                ],
                "b": [
                    1.07,
                    1.08,
                    10.9,
                    22.6
                ],
                "e": [
                    1.02,
                    0.62,
                    0.53,
                    0.48
                ],
                "g": [
                    1.48,
                    1.49,
                    1.01,
                    1.16
                ]
            }
        ]
    },
    "aux": {
        "delta_l_sat_approx": {
            "type": 1,
            "n": {
                "1": 0.26150334292302974,
                "2": 1.2960567437114034,
                "3": 1.1054962724493822,
                "4": -1.9624874038489026,
                "5": 6.877950747305875,
                "6": -9775.478987767088
            },
            "t": {
                "1": 0.197,
                "2": 0.347,
                "3": 0.68,
                "4": 4.264,
                "5": 5.751,
                "6": 18.372
            }
        },
        "delta_v_sat_approx": {
            "type": 3,
            "n": {
                "1": -2.321900801891659,
                "2": -12.318486255432273,
                "3": 29.90077432524069,
                "4": -52.89208803147019,
                "5": 57.15577614474706,
                "6": -6130.399386014779
            },
            "t": {
                "1": 0.326,
                "2": 1.306,
                "3": 2.168,
                "4": 3.262,
                "5": 5.147,
                "6": 15.037
            }
        }
    }
}
