{
    "nl_file": "r365mfc_expressions_eos.nl",
    "expr_map": [
        0,
        1,
        2,
        3,
        4,
        13,
        5,
        6,
        7,
        8,
        9,
        10,
        12,
        11
    ],
    "var_map": [
        0,
        1,
        1000,
        1000
    ],
    "param": {
        "R": 0.056150525424630796,
        "MW": 148.07451999999998,
        "T_star": 460,
        "rho_star": 473.83846399999993,
        "Tc": 460,
        "rhoc": 473.83846399999993,
        "Pc": 3266.2070352197466,
        "Tt": 239.0,
        "Pt": 2.4784152511989395,
        "rhot_l": 1376.8201496842355,
        "rhot_v": 0.18526679941402724,
        "P_min": 1e-05,
        "P_max": 35000.0,
        "rho_max": 473.83846399999993,
        "T_min": 239.0,
        "T_max": 500,
        "reference_state_offset": [
            0.0,
            0.0
        ]
    },
    "have_tcx": false,
    "have_st": false,
    "have_visc": false
}