{
    "nl_file": "r404a_expressions_eos.nl",
    "expr_map": [
        0,
        1,
        2,
        3,
        4,
        13,
        5,
        6,
        7,
        8,
        9,
        10,
        12,
        11
    ],
    "var_map": [
        0,
        1,
        1000,
        1000
    ],
    "param": {
        "R": 0.08518594562916607,
        "MW": 97.6038,
        "T_star": 345.27,
        "rho_star": 482.16277199999996,
        "Tc": 345.27,
        "rhoc": 482.16277199999996,
        "Pc": 3734.7514391279256,
        "Tt": 200.0,
        "Pt": 22.64918747516523,
        "rhot_l": 1386.8661318472653,
        "rhot_v": 1.2697876275272078,
        "P_min": 1e-05,
        "P_max": 50000.0,
        "rho_max": 482.16277199999996,
        "T_min": 200.0,
        "T_max": 500,
        "reference_state_offset": [
            0.0,
            0.0
        ]
    },
    "have_tcx": false,
    "have_st": false,
    "have_visc": false
}