{
    "nl_file": "r40_expressions_eos.nl",
    "expr_map": [
        0,
        1,
        2,
        3,
        4,
        13,
        5,
        6,
        7,
        8,
        9,
        10,
        12,
        11
    ],
    "var_map": [
        0,
        1,
        1000,
        1000
    ],
    "param": {
        "R": 0.16468370797377252,
        "MW": 50.48752,
        "T_star": 416.3,
        "rho_star": 363.21898247216,
        "Tc": 416.3,
        "rhoc": 363.21898247216,
        "Pc": 6671.686907908558,
        "Tt": 230,
        "Pt": 40.5609612761382,
        "rhot_l": 1035.7754413123523,
        "rhot_v": 1.0917933219677662,
        "P_min": 1e-05,
        "P_max": 100000.0,
        "rho_max": 363.21898247216,
        "T_min": 230,
        "T_max": 730,
        "reference_state_offset": [
            0.0,
            0.0
        ]
    },
    "have_tcx": false,
    "have_st": false,
    "have_visc": false
}