{
    "nl_file": "r410a_expressions_eos.nl",
    "expr_map": [
        0,
        1,
        2,
        3,
        4,
        13,
        5,
        6,
        7,
        8,
        9,
        10,
        12,
        11
    ],
    "var_map": [
        0,
        1,
        1000,
        1000
    ],
    "param": {
        "R": 0.11454744342526182,
        "MW": 72.5854,
        "T_star": 344.494,
        "rho_star": 459.0300696,
        "Tc": 344.494,
        "rhoc": 459.0300696,
        "Pc": 4901.186154562795,
        "Tt": 200.0,
        "Pt": 29.16033537476026,
        "rhot_l": 1416.121447945016,
        "rhot_v": 1.2917856330980637,
        "P_min": 1e-05,
        "P_max": 50000.0,
        "rho_max": 459.0300696,
        "T_min": 200.0,
        "T_max": 500,
        "reference_state_offset": [
            0.0,
            0.0
        ]
    },
    "have_tcx": false,
    "have_st": false,
    "have_visc": false
}