{
    "nl_file": "r41_expressions_eos.nl",
    "expr_map": [
        0,
        1,
        2,
        3,
        4,
        13,
        5,
        6,
        7,
        8,
        9,
        10,
        12,
        11
    ],
    "var_map": [
        0,
        1,
        1000,
        1000
    ],
    "param": {
        "R": 0.24430674770193103,
        "MW": 34.03291999999999,
        "T_star": 317.28,
        "rho_star": 316.50615599999986,
        "Tc": 317.28,
        "rhoc": 316.50615599999986,
        "Pc": 5906.240840290032,
        "Tt": 129.82,
        "Pt": 0.34419906448775794,
        "rhot_l": 1006.0418252189482,
        "rhot_v": 0.010866010781592397,
        "P_min": 1e-05,
        "P_max": 70000.0,
        "rho_max": 323.6702086013003,
        "T_min": 129.82,
        "T_max": 425,
        "reference_state_offset": [
            0.0,
            0.0
        ]
    },
    "have_tcx": false,
    "have_st": false,
    "have_visc": false
}