{
    "nl_file": "r507a_expressions_eos.nl",
    "expr_map": [
        0,
        1,
        2,
        3,
        4,
        13,
        5,
        6,
        7,
        8,
        9,
        10,
        12,
        11
    ],
    "var_map": [
        0,
        1,
        1000,
        1000
    ],
    "param": {
        "R": 0.0841041804910418,
        "MW": 98.8592,
        "T_star": 343.765,
        "rho_star": 490.7400000000001,
        "Tc": 343.765,
        "rhoc": 490.7400000000001,
        "Pc": 3704.972033394133,
        "Tt": 200.0,
        "Pt": 23.232992819809652,
        "rhot_l": 1396.869301990553,
        "rhot_v": 1.406323350957923,
        "P_min": 1e-05,
        "P_max": 50000.0,
        "rho_max": 490.7400000000001,
        "T_min": 200.0,
        "T_max": 500,
        "reference_state_offset": [
            0.0,
            0.0
        ]
    },
    "have_tcx": false,
    "have_st": false,
    "have_visc": false
}