{
    "nl_file": "sulfurdioxide_expressions_eos.nl",
    "expr_map": [
        0,
        1,
        2,
        3,
        4,
        13,
        5,
        6,
        7,
        8,
        9,
        10,
        12,
        11
    ],
    "var_map": [
        0,
        1,
        1000,
        1000
    ],
    "param": {
        "R": 0.12978409179599087,
        "MW": 64.0638,
        "T_star": 430.64,
        "rho_star": 517.5073764,
        "Tc": 430.64,
        "rhoc": 517.5073764,
        "Pc": 7886.57881415585,
        "Tt": 197.7,
        "Pt": 1.66614407923648,
        "rhot_l": 1627.9456103961456,
        "rhot_v": 0.06502530104092966,
        "P_min": 1e-05,
        "P_max": 35000.0,
        "rho_max": 517.5073764,
        "T_min": 197.7,
        "T_max": 525,
        "reference_state_offset": [
            0.0,
            0.0
        ]
    },
    "have_tcx": false,
    "have_st": false,
    "have_visc": false
}