{
    "nl_file": "sulfurhexafluoride_expressions_eos.nl",
    "expr_map": [
        0,
        1,
        2,
        3,
        4,
        13,
        5,
        6,
        7,
        8,
        9,
        10,
        12,
        11
    ],
    "var_map": [
        0,
        1,
        1000,
        1000
    ],
    "param": {
        "R": 0.05692682986733025,
        "MW": 146.05541920000002,
        "T_star": 318.7232,
        "rho_star": 742.3000000000001,
        "Tc": 318.7232,
        "rhoc": 742.3000000000001,
        "Pc": 3754.9829622736697,
        "Tt": 223.555,
        "Pt": 231.42447395150535,
        "rhot_l": 1845.0290108629233,
        "rhot_v": 19.560356612635452,
        "P_min": 1e-05,
        "P_max": 150000.0,
        "rho_max": 742.3000000000001,
        "T_min": 223.555,
        "T_max": 625,
        "reference_state_offset": [
            0.0,
            0.0
        ]
    },
    "have_tcx": false,
    "have_st": false,
    "have_visc": false
}