{
    "comp": "sulfurhexafluoride",
    "basic": {
        "R": 0.05692682986733025,
        "MW": 146.05541920000002,
        "T_star": 318.7232,
        "rho_star": 742.3000000000001,
        "Tc": 318.7232,
        "rhoc": 742.3000000000001,
        "Pc": 3754.983,
        "Tt": 223.555,
        "Pt": 231.42447395150535,
        "rhot_l": 1845.0290108629233,
        "rhot_v": 19.560356612635452,
        "P_min": 1e-05,
        "P_max": 150000.0,
        "rho_max": 2306.286263578654,
        "T_min": 223.555,
        "T_max": 625
    },
    "eos": {
        "reference": [
            "Guder-JPCRD-2009"
        ],
        "ideal_terms": [
            {
                "ideal_type": 1,
                "a": [
                    11.638611086,
                    -6.392241811
                ]
            },
            {
                "ideal_type": 2,
                "a": 3
            },
            {
                "ideal_type": 3,
                "n": [
                    3.66118232,
                    7.87885103,
                    3.45981679
                ],
                "t": [
                    1.617282065,
                    2.747115139,
                    4.232907175
                ]
            },
            {
                "ideal_type": 8,
                "a": [
                    -27.047571044927,
                    17.2073865481014
                ]
            }
        ],
        "residual_terms": [
            {
                "residual_type": 1,
                "n": [
                    0.54958259132835,
                    -0.87905033269396,
                    -0.84656969731452,
                    0.27692381593529,
                    -4.9864958372345,
                    4.8879127058055,
                    0.036917081634281,
                    0.00037030130305087,
                    0.039389132911585,
                    0.00042477413690006
                ],
                "d": [
                    1,
                    1,
                    1,
                    2,
                    2,
                    2,
                    3,
                    3,
                    4,
                    6
                ],
                "t": [
                    0.125,
                    1.25,
                    1.875,
                    0.125,
                    1.5,
                    1.625,
                    1.5,
                    5.625,
                    0.625,
                    0.25
                ]
            },
            {
                "residual_type": 7,
                "n": [
                    -0.02415001386389,
                    0.059447650642255,
                    -0.38302880142267,
                    0.32606800951983,
                    -0.029955940562031,
                    -0.086579186671173,
                    4.1600684707562,
                    -4.1398128855814,
                    -0.55842159922714,
                    0.56531382776891,
                    0.0082612463415545,
                    -0.01020099533808
                ],
                "d": [
                    1,
                    2,
                    2,
                    2,
                    3,
                    6,
                    2,
                    2,
                    4,
                    4,
                    2,
                    2
                ],
                "t": [
                    6,
                    0.25,
                    4.75,
                    5.375,
                    5.875,
                    2,
                    5.875,
                    6,
                    5.625,
                    5.75,
                    0,
                    0.5
                ],
                "l": [
                    1,
                    1,
                    1,
                    1,
                    1,
                    1,
                    2,
                    2,
                    2,
                    2,
                    3,
                    3
                ],
                "g": [
                    1.0,
                    1.0,
                    1.0,
                    1.0,
                    1.0,
                    1.0,
                    1.0,
                    1.0,
                    1.0,
                    1.0,
                    1.0,
                    1.0
                ]
            },
            {
                "residual_type": 2,
                "n": [
                    -0.021662523861406,
                    0.034650943893908,
                    -0.028694281385812,
                    0.0084007238998053,
                    -0.26969359922498,
                    9.0415215646344,
                    -3.7233103557977,
                    -2752.4670823704,
                    5771.1861697319,
                    -3023.4003119748,
                    2225277.843536,
                    -2305606.5559032,
                    6391885.2944475,
                    -6079209.1415592
                ],
                "d": [
                    1,
                    3,
                    4,
                    1,
                    1,
                    4,
                    3,
                    4,
                    4,
                    4,
                    1,
                    1,
                    3,
                    3
                ],
                "t": [
                    4,
                    1,
                    3,
                    2,
                    4,
                    3,
                    4,
                    1,
                    2,
                    3,
                    3,
                    4,
                    3,
                    4
                ],
                "a": [
                    10,
                    10,
                    10,
                    10,
                    11,
                    25,
                    30,
                    30,
                    30,
                    30,
                    30,
                    30,
                    30,
                    30
                ],
                "b": [
                    150,
                    150,
                    150,
                    150,
                    225,
                    300,
                    350,
                    350,
                    350,
                    350,
                    400,
                    400,
                    400,
                    400
                ],
                "e": [
                    0.85,
                    0.85,
                    0.85,
                    0.85,
                    1,
                    1,
                    1,
                    1,
                    1,
                    1,
                    1,
                    1,
                    1,
                    1
                ],
                "g": [
                    1.13,
                    1.13,
                    1.13,
                    1.16,
                    1.19,
                    1.19,
                    1.16,
                    1.16,
                    1.16,
                    1.16,
                    1.22,
                    1.22,
                    1.22,
                    1.22
                ]
            }
        ]
    },
    "aux": {
        "delta_l_sat_approx": {
            "type": 1,
            "n": {
                "1": -0.09723399675840705,
                "2": 2.15858946914358,
                "3": 1.7637219963539608,
                "4": -1153.263728198288,
                "5": 3460.272067774808,
                "6": -16941.095002681574
            },
            "t": {
                "1": 0.162,
                "2": 0.34,
                "3": 1.704,
                "4": 5.628,
                "5": 6.422,
                "6": 9.099
            }
        },
        "delta_v_sat_approx": {
            "type": 3,