{
    "comp": "toluene",
    "basic": {
        "R": 0.09023892530390688,
        "MW": 92.13842,
        "T_star": 591.75,
        "rho_star": 291.98665298,
        "Tc": 591.75,
        "rhoc": 291.98665298,
        "Pc": 4126.0,
        "Tt": 178.0,
        "Pt": 3.939340898242913e-05,
        "rhot_l": 974.8300562818928,
        "rhot_v": 2.4525087021215016e-06,
        "P_min": 1e-05,
        "P_max": 500000.0,
        "rho_max": 1218.537570352366,
        "T_min": 178.0,
        "T_max": 700
    },
    "eos": {
        "reference": [
            "Lemmon-JCED-2006"
        ],
        "ideal_terms": [
            {
                "ideal_type": 1,
                "a": [
                    3.5241174832,
                    1.1360823464
                ]
            },
            {
                "ideal_type": 2,
                "a": 3
            },
            {
                "ideal_type": 3,
                "n": [
                    1.6994,
                    8.0577,
                    17.059,
                    8.4567,
                    8.6423
                ],
                "t": [
                    0.3210815378115758,
                    1.346852555978031,
                    2.735952682720744,
                    5.191381495564005,
                    13.37558090409801
                ]
            }
        ],
        "residual_terms": [
            {
                "residual_type": 1,
                "n": [
                    0.96464,
                    -2.7855,
                    0.86712,
                    -0.1886,
                    0.11804,
                    0.00025181
                ],
                "d": [
                    1,
                    1,
                    1,
                    2,
                    3,
                    7
                ],
                "t": [
                    0.25,
                    1.125,
                    1.5,
                    1.375,
                    0.25,
                    0.875
                ]
            },
            {
                "residual_type": 7,
                "n": [
                    0.57196,
                    -0.029287,
                    -0.43351,
                    -0.1254,
                    -0.028207,
                    0.014076
                ],
                "d": [
                    2,
                    5,
                    1,
                    4,
                    3,
                    4
                ],
                "t": [
                    0.625,
                    1.75,
                    3.625,
                    3.625,
                    14.5,
                    12
                ],
                "l": [
                    1,
                    1,
                    2,
                    2,
                    3,
                    3
                ],
                "g": [
                    1.0,
                    1.0,
                    1.0,
                    1.0,
                    1.0,
                    1.0
                ]
            }
        ]
    },
    "aux": {
        "delta_l_sat_approx": {
            "type": 1,
            "n": {
                "1": 2.731439741297877,
                "2": -1.4311921172736468,
                "3": 1.7220225715861872,
                "4": -1.3959592517619432,
                "5": 25.019574322670564,
                "6": -106.28098773992355
            },
            "t": {
                "1": 0.413,
                "2": 1.151,
                "3": 1.592,
                "4": 6.141,
                "5": 12.914,
                "6": 18.579
            }
        },
        "delta_v_sat_approx": {
            "type": 3,
            "n": {
                "1": -2.079525851134041,
                "2": -3.0632853262137703,
                "3": -5.643041080974643,
                "4": 3.9792497484198788,
                "5": -2638.7103858281944,
                "6": 2945.506923819063
            },
            "t": {
                "1": 0.4,
                "2": 0.697,
                "3": 3.764,
                "4": 8.691,
                "5": 19.351,
                "6": 19.782
            }
        }
    }
}
