{
    "nl_file": "toluene_expressions_eos.nl",
    "expr_map": [
        0,
        1,
        2,
        3,
        4,
        13,
        5,
        6,
        7,
        8,
        9,
        10,
        12,
        11
    ],
    "var_map": [
        0,
        1,
        1000,
        1000
    ],
    "param": {
        "R": 0.09023892530390688,
        "MW": 92.13842,
        "T_star": 591.75,
        "rho_star": 291.98665298,
        "Tc": 591.75,
        "rhoc": 291.98665298,
        "Pc": 4126.393580731008,
        "Tt": 178.0,
        "Pt": 3.939340898242913e-05,
        "rhot_l": 974.8300562818928,
        "rhot_v": 2.4525087021215016e-06,
        "P_min": 1e-05,
        "P_max": 500000.0,
        "rho_max": 296.96203988616946,
        "T_min": 178.0,
        "T_max": 700,
        "reference_state_offset": [
            0.0,
            0.0
        ]
    },
    "have_tcx": false,
    "have_st": false,
    "have_visc": false
}