{
    "nl_file": "trans-2-butene_expressions_eos.nl",
    "expr_map": [
        0,
        1,
        2,
        3,
        4,
        13,
        5,
        6,
        7,
        8,
        9,
        10,
        12,
        11
    ],
    "var_map": [
        0,
        1,
        1000,
        1000
    ],
    "param": {
        "R": 0.1481913623991023,
        "MW": 56.10631999999999,
        "T_star": 428.61,
        "rho_star": 236.37592615999995,
        "Tc": 428.61,
        "rhoc": 236.37592615999995,
        "Pc": 4019.058884141066,
        "Tt": 167.60000000000002,
        "Pt": 0.0748166907735672,
        "rhot_l": 737.279451155002,
        "rhot_v": 0.0030130678832792014,
        "P_min": 1e-05,
        "P_max": 50000.0,
        "rho_max": 236.37592615999995,
        "T_min": 167.60000000000002,
        "T_max": 525,
        "reference_state_offset": [
            0.0,
            0.0
        ]
    },
    "have_tcx": false,
    "have_st": false,
    "have_visc": false
}