{
    "comp": "trans-2-butene",
    "basic": {
        "R": 0.1481913623991023,
        "MW": 56.10631999999999,
        "T_star": 428.61,
        "rho_star": 236.37592615999995,
        "Tc": 428.61,
        "rhoc": 236.37592615999995,
        "Pc": 4027.3,
        "Tt": 167.60000000000002,
        "Pt": 0.0748166907735672,
        "rhot_l": 737.279451155002,
        "rhot_v": 0.0030130678832792014,
        "P_min": 1e-05,
        "P_max": 50000.0,
        "rho_max": 921.5993139437525,
        "T_min": 167.60000000000002,
        "T_max": 525
    },
    "eos": {
        "reference": [
            "Lemmon-FPE-2005"
        ],
        "ideal_terms": [
            {
                "ideal_type": 1,
                "a": [
                    0.5917816,
                    2.1427758
                ]
            },
            {
                "ideal_type": 2,
                "a": 2.9988
            },
            {
                "ideal_type": 3,
                "n": [
                    5.3276,
                    13.29,
                    9.6745,
                    0.40087
                ],
                "t": [
                    0.8445906535078509,
                    3.739996733627307,
                    8.700216980471756,
                    10.5620494155526
                ]
            }
        ],
        "residual_terms": [
            {
                "residual_type": 1,
                "n": [
                    0.81107,
                    -2.8846,
                    1.0265,
                    0.016591,
                    0.086511,
                    0.00023256
                ],
                "d": [
                    1,
                    1,
                    1,
                    2,
                    3,
                    7
                ],
                "t": [
                    0.12,
                    1.3,
                    1.74,
                    2.1,
                    0.28,
                    0.69
                ]
            },
            {
                "residual_type": 7,
                "n": [
                    0.22654,
                    -0.072182,
                    -0.24849,
                    -0.071374,
                    -0.024737,
                    0.011843
                ],
                "d": [
                    2,
                    5,
                    1,
                    4,
                    3,
                    4
                ],
                "t": [
                    0.75,
                    2,
                    4.4,
                    4.7,
                    15,
                    14
                ],
                "l": [
                    1,
                    1,
                    2,
                    2,
                    3,
                    3
                ],
                "g": [
                    1.0,
                    1.0,
                    1.0,
                    1.0,
                    1.0,
                    1.0
                ]
            }
        ]
    },
    "aux": {
        "delta_l_sat_approx": {
            "type": 1,
            "n": {
                "1": -0.0369377281462134,
                "2": 2.376898316062288,
                "3": 5.366934661033568,
                "4": -439.1416046445223,
                "5": 4838.585432319588,
                "6": -19854.73815702274
            },
            "t": {
                "1": 0.164,
                "2": 0.372,
                "3": 4.422,
                "4": 10.565,
                "5": 14.651,
                "6": 19.157
            }
        },
        "delta_v_sat_approx": {
            "type": 3,
            "n": {
                "1": -11.847750420878857,
                "2": 9.875166115230318,
                "3": -18.597606560563445,
                "4": 16.601983399575353,
                "5": -4.263122348267767,
                "6": -0.8330225303697664
            },
            "t": {
                "1": 0.5,
                "2": 0.567,
                "3": 1.284,
                "4": 1.423,
                "5": 3.202,
                "6": 4.206
            }
        }
    }
}
