{
    "comp": "xenon",
    "basic": {
        "R": 0.0633276107637117,
        "MW": 131.293,
        "T_star": 289.733,
        "rho_star": 1102.8612,
        "Tc": 289.733,
        "rhoc": 1102.8612,
        "Pc": 5842.0,
        "Tt": 161.4,
        "Pt": 81.74779907328896,
        "rhot_l": 2966.2164164229016,
        "rhot_v": 8.220604838272786,
        "P_min": 1e-05,
        "P_max": 700000.0,
        "rho_max": 3707.770520528627,
        "T_min": 161.4,
        "T_max": 750
    },
    "eos": {
        "reference": [
            "Lemmon-JCED-2006"
        ],
        "ideal_terms": [
            {
                "ideal_type": 1,
                "a": [
                    -3.8227178129,
                    3.8416395351
                ]
            },
            {
                "ideal_type": 2,
                "a": 1.5
            }
        ],
        "residual_terms": [
            {
                "residual_type": 1,
                "n": [
                    0.83115,
                    -2.3553,
                    0.53904,
                    0.014382,
                    0.066309,
                    0.00019649
                ],
                "d": [
                    1,
                    1,
                    1,
                    2,
                    3,
                    7
                ],
                "t": [
                    0.25,
                    1.125,
                    1.5,
                    1.375,
                    0.25,
                    0.875
                ]
            },
            {
                "residual_type": 7,
                "n": [
                    0.14996,
                    -0.035319,
                    -0.15929,
                    -0.027521,
                    -0.023305,
                    0.0086941
                ],
                "d": [
                    2,
                    5,
                    1,
                    4,
                    3,
                    4
                ],
                "t": [
                    0.625,
                    1.75,
                    3.625,
                    3.625,
                    14.5,
                    12
                ],
                "l": [
                    1,
                    1,
                    2,
                    2,
                    3,
                    3
                ],
                "g": [
                    1.0,
                    1.0,
                    1.0,
                    1.0,
                    1.0,
                    1.0
                ]
            }
        ]
    },
    "aux": {
        "delta_l_sat_approx": {
            "type": 1,
            "n": {
                "1": -0.07701425735191812,
                "2": 2.124910237054726,
                "3": 3.0205260680663732,
                "4": -192.08348472998213,
                "5": 269.9245321947838,
                "6": -15087.387586364559
            },
            "t": {
                "1": 0.084,
                "2": 0.346,
                "3": 2.447,
                "4": 5.49,
                "5": 6.019,
                "6": 15.158
            }
        },
        "delta_v_sat_approx": {
            "type": 3,
            "n": {
                "1": -2.3064783393038195,
                "2": -1.620761716561509,
                "3": -2.202094575030882,
                "4": 84230.43322373286,
                "5": -29642269.39439326,
                "6": 40329098.33422997
            },
            "t": {
                "1": 0.415,
                "2": 0.698,
                "3": 2.925,
                "4": 14.138,
                "5": 18.611,
                "6": 19.123
            }
        }
    }
}
