{
    "nl_file": "xenon_expressions_eos.nl",
    "expr_map": [
        0,
        1,
        2,
        3,
        4,
        13,
        5,
        6,
        7,
        8,
        9,
        10,
        12,
        11
    ],
    "var_map": [
        0,
        1,
        1000,
        1000
    ],
    "param": {
        "R": 0.0633276107637117,
        "MW": 131.293,
        "T_star": 289.733,
        "rho_star": 1102.8612,
        "Tc": 289.733,
        "rhoc": 1102.8612,
        "Pc": 5841.965155392372,
        "Tt": 161.4,
        "Pt": 81.74779907328896,
        "rhot_l": 2966.2164164229016,
        "rhot_v": 8.220604838272786,
        "P_min": 1e-05,
        "P_max": 700000.0,
        "rho_max": 1117.6932678832602,
        "T_min": 161.4,
        "T_max": 750,
        "reference_state_offset": [
            0.0,
            0.0
        ]
    },
    "have_tcx": false,
    "have_st": false,
    "have_visc": false
}