{"0.0": {"obj": 56.84067815947681, "theta": {"fs.econ.fcorrection_dp_shell": 0.041382516961555864, "fs.econ.fcorrection_dp_tube": 1.0130026506086462, "fs.econ.fcorrection_htc": 1.5352338107497103}}, "1.0": {"obj": 21.514313991313294, "theta": {"fs.econ.fcorrection_dp_shell": 5.095180195798143, "fs.econ.fcorrection_dp_tube": 1.0233898367262482, "fs.econ.fcorrection_htc": 1.6233314566714647}}, "2.0": {"obj": 19.549522402881223, "theta": {"fs.econ.fcorrection_dp_shell": 4.023201788238087, "fs.econ.fcorrection_dp_tube": 1.0073324829891726, "fs.econ.fcorrection_htc": 1.406284507950307}}, "3.0": {"obj": 31.337358397762625, "theta": {"fs.econ.fcorrection_dp_shell": -1.136839856113968, "fs.econ.fcorrection_dp_tube": 1.0247444810159643, "fs.econ.fcorrection_htc": 1.4916057235632372}}, "4.0": {"obj": 35.22004099032612, "theta": {"fs.econ.fcorrection_dp_shell": 2.957263771150033, "fs.econ.fcorrection_dp_tube": 1.0087439811816834, "fs.econ.fcorrection_htc": 1.5268401071604307}}, "5.0": {"obj": 30.91856274408364, "theta": {"fs.econ.fcorrection_dp_shell": 1.4379744061000117, "fs.econ.fcorrection_dp_tube": 0.9908482344356865, "fs.econ.fcorrection_htc": 1.4567665481767924}}, "6.0": {"obj": 25.175477045861008, "theta": {"fs.econ.fcorrection_dp_shell": 1.6783996777650123, "fs.econ.fcorrection_dp_tube": 0.9708616892900104, "fs.econ.fcorrection_htc": 1.6105472880885081}}, "7.0": {"obj": 37.12143837536161, "theta": {"fs.econ.fcorrection_dp_shell": 1.6304520843236658, "fs.econ.fcorrection_dp_tube": 0.9852737053437487, "fs.econ.fcorrection_htc": 1.4097657135915287}}, "8.0": {"obj": 30.15677451801817, "theta": {"fs.econ.fcorrection_dp_shell": 1.4393828429824624, "fs.econ.fcorrection_dp_tube": 0.9951824423094711, "fs.econ.fcorrection_htc": 1.4268130001069965}}, "9.0": {"obj": 19.208031897041153, "theta": {"fs.econ.fcorrection_dp_shell": -4.030144988005481, "fs.econ.fcorrection_dp_tube": 1.02062384016916, "fs.econ.fcorrection_htc": 1.4190226482588113}}, "10.0": {"obj": 18.509770993397392, "theta": {"fs.econ.fcorrection_dp_shell": 5.150883704853786, "fs.econ.fcorrection_dp_tube": 0.9760535813830974, "fs.econ.fcorrection_htc": 1.4599619185814672}}, "11.0": {"obj": 14.443346069664491, "theta": {"fs.econ.fcorrection_dp_shell": 0.18628313318940162, "fs.econ.fcorrection_dp_tube": 0.9758974199242852, "fs.econ.fcorrection_htc": 1.5332810872697424}}, "12.0": {"obj": 30.44946275074465, "theta": {"fs.econ.fcorrection_dp_shell": 1.1264778926703114, "fs.econ.fcorrection_dp_tube": 0.9871879300247258, "fs.econ.fcorrection_htc": 1.5620583275733846}}, "13.0": {"obj": 29.772869074792503, "theta": {"fs.econ.fcorrection_dp_shell": 0.022246390397000583, "fs.econ.fcorrection_dp_tube": 1.0037996795719686, "fs.econ.fcorrection_htc": 1.4207786363551929}}, "14.0": {"obj": 15.122135120187776, "theta": {"fs.econ.fcorrection_dp_shell": 3.2662406464714415, "fs.econ.fcorrection_dp_tube": 0.9904366385975145, "fs.econ.fcorrection_htc": 1.5063851583174477}}, "15.0": {"obj": 24.573331295971155, "theta": {"fs.econ.fcorrection_dp_shell": -1.3510129682817105, "fs.econ.fcorrection_dp_tube": 0.9749336820989616, "fs.econ.fcorrection_htc": 1.5358803628883024}}, "16.0": {"obj": 38.81885845619488, "theta": {"fs.econ.fcorrection_dp_shell": 1.7313083127752285, "fs.econ.fcorrection_dp_tube": 0.9936468740369604, "fs.econ.fcorrection_htc": 1.4423684317643168}}, "17.0": {"obj": 44.075836855386974, "theta": {"fs.econ.fcorrection_dp_shell": -0.2895987825695848, "fs.econ.fcorrection_dp_tube": 0.9792853728088273, "fs.econ.fcorrection_htc": 1.4862201942236744}}, "18.0": {"obj": 17.724569333606276, "theta": {"fs.econ.fcorrection_dp_shell": 3.4874764690726505, "fs.econ.fcorrection_dp_tube": 1.0326092430544511, "fs.econ.fcorrection_htc": 1.5242006510844885}}, "19.0": {"obj": 36.14499545943771, "theta": {"fs.econ.fcorrection_dp_shell": 1.909363279013368, "fs.econ.fcorrection_dp_tube": 0.9889213846576228, "fs.econ.fcorrection_htc": 1.397220867777316}}, "20.0": {"obj": 18.596613661851762, "theta": {"fs.econ.fcorrection_dp_shell": -1.7013825848166855, "fs.econ.fcorrection_dp_tube": 1.0214568017179497, "fs.econ.fcorrection_htc": 1.5362857158357124}}, "21.0": {"obj": 21.873109247238116, "theta": {"fs.econ.fcorrection_dp_shell": -3.492659582762474, "fs.econ.fcorrection_dp_tube": 0.9686870784609957, "fs.econ.fcorrection_htc": 1.4515890994932823}}, "22.0": {"obj": 17.530722460963265, "theta": {"fs.econ.fcorrection_dp_shell": 0.7344255110151806, "fs.econ.fcorrection_dp_tube": 0.9928594773353601, "fs.econ.fcorrection_htc": 1.4921793028532857}}, "23.0": {"obj": 46.64682827425861, "theta": {"fs.econ.fcorrection_dp_shell": -1.5660529303130744, "fs.econ.fcorrection_dp_tube": 0.9799353285767562, "fs.econ.fcorrection_htc": 1.5087632773182016}}, "24.0": {"obj": 214.66950352305392, "theta": {"fs.econ.fcorrection_dp_shell": 0.20184296177531633, "fs.econ.fcorrection_dp_tube": 1.0226643470811831, "fs.econ.fcorrection_htc": 1.43829105235174}}, "25.0": {"obj": 58.69807734311522, "theta": {"fs.econ.fcorrection_dp_shell": 2.9763073113636067, "fs.econ.fcorrection_dp_tube": 0.9521419362163472, "fs.econ.fcorrection_htc": 1.3955266764169254}}}